407033,2022-03-04,USD,7566.68,5744.55,66420,BUSINESS,New Zealand
200241,2022-03-05,DKK,23106.00,2591.91,13502,PERSONAL,Denmark
800207,2022-03-07,EUR,1206.00,1006.59,79069,PERSONAL,Latvia
985185,2022-03-17,EUR,6745.41,5630.09,53881,PERSONAL,United States of America
982099,2022-03-17,GBP,4982.56,4982.56,77495,PERSONAL,United Kingdom
838464,2022-03-17,EUR,1360.00,1135.13,82871,PERSONAL,France
643915,2022-03-07,EUR,24476.57,20429.51,89406,PERSONAL,France
636016,2022-03-07,INR,115000.00,1144.39,74473,PERSONAL,India
702950,2022-03-07,INR,100971.06,1004.78,10516,PERSONAL,United Kingdom
684792,2022-03-07,EUR,1209.01,1009.11,60698,PERSONAL,Ireland
747019,2022-03-07,GBP,5000.00,5000.00,61857,PERSONAL,United Kingdom
747775,2022-03-07,GBP,1053.47,1053.47,34677,PERSONAL,United Kingdom
736179,2022-03-07,EUR,2040.99,1703.52,20120,PERSONAL,Ireland
625801,2022-03-07,NZD,3206.88,1671.78,30763,PERSONAL,New Zealand
638921,2022-03-07,SEK,30000.00,2370.79,59690,PERSONAL,Sweden
692439,2022-03-07,EUR,2620.70,2187.38,78919,PERSONAL,Ireland
796732,2022-03-07,DKK,10000.00,1121.75,73051,PERSONAL,Denmark
813505,2022-03-07,CZK,40000.00,1332.88,66642,PERSONAL,Czech Republic
831025,2022-03-07,CHF,3000.00,2449.91,05178,PERSONAL,United Kingdom
844860,2022-03-07,EUR,1700.00,1418.91,33026,PERSONAL,Ireland
647456,2022-03-07,GBP,1134.58,1134.58,96211,BUSINESS,United Kingdom
776068,2022-03-07,RON,6050.00,1020.77,27750,BUSINESS,Romania
734056,2022-03-07,GBP,1003.00,1003.00,68159,PERSONAL,United Kingdom
838999,2022-03-07,EUR,4814.75,4018.66,47945,PERSONAL,Netherlands
782918,2022-03-07,USD,3626.37,2753.10,45058,BUSINESS,Japan
779703,2022-03-07,EUR,7932.39,6620.81,57581,PERSONAL,Spain
844301,2022-03-07,EUR,1250.00,1043.32,70596,PERSONAL,Thailand
677696,2022-03-07,VND,290000000.00,9630.88,68121,PERSONAL,Switzerland
781933,2022-03-07,GBP,2523.78,2523.78,43044,PERSONAL,United Kingdom
614447,2022-03-07,INR,200000.00,1990.24,99810,PERSONAL,Singapore
616141,2022-03-07,INR,151644.09,1509.04,74421,PERSONAL,United States of America
726205,2022-03-07,USD,1800.00,1366.54,54171,PERSONAL,United Kingdom
728697,2022-03-07,GBP,1000.00,1000.00,28341,PERSONAL,France
732738,2022-03-07,GBP,1000.00,1000.00,78324,PERSONAL,United Kingdom
777424,2022-03-07,EUR,1237.20,1032.64,88941,PERSONAL,Portugal
661668,2022-03-07,NOK,20000.00,1716.68,67560,PERSONAL,Norway
629978,2022-03-07,GBP,1000.00,1000.00,12727,PERSONAL,United Kingdom
724249,2022-03-07,SEK,30000.00,2370.79,95762,PERSONAL,Sweden
812293,2022-03-07,EUR,4999.28,4172.68,02550,PRIVATE,Greece
634700,2022-03-07,INR,185538.08,1846.33,81315,PERSONAL,United Kingdom
703732,2022-03-07,EUR,2439.85,2036.43,81083,PERSONAL,Netherlands
844850,2022-03-07,EUR,2000.00,1669.31,50632,PERSONAL,Netherlands
735815,2022-03-07,RON,10000.00,1687.22,84084,PERSONAL,Romania
687382,2022-03-07,EUR,14000.00,11685.18,49907,BUSINESS,Latvia
725952,2022-03-07,SEK,15831.71,1251.12,22373,PERSONAL,Sweden
017404,2022-03-09,UAH,40362.69,1045.78,64841,BUSINESS,United States of America
097803,2022-03-09,AUD,5965.89,3338.50,49486,PERSONAL,Australia
008401,2022-03-09,CAD,4675.06,2802.69,92800,PERSONAL,Canada
031651,2022-03-09,EUR,3822.88,3190.79,40179,BUSINESS,Germany
065066,2022-03-09,INR,494039.19,4916.29,50538,BUSINESS,United States of America
017403,2022-03-09,USD,1379.69,1047.45,64841,BUSINESS,United States of America
010710,2022-03-09,JPY,500000.00,3210.88,26328,BUSINESS,Ireland
570845,2022-03-09,AUD,3305.81,1849.93,96069,PERSONAL,Australia
571570,2022-03-09,EUR,4000.00,3338.62,07643,PERSONAL,South Africa
565927,2022-03-09,USD,2000.00,1518.38,41517,PERSONAL,United Kingdom
592984,2022-03-09,TRY,50000.00,2595.51,92161,BUSINESS,Turkey
584591,2022-03-09,AUD,1988.60,1112.82,46886,PERSONAL,Australia
565076,2022-03-09,EUR,10233.00,8541.03,88867,BUSINESS,United Kingdom
565506,2022-03-09,USD,14929.49,11334.32,95942,PERSONAL,United States of America
559188,2022-03-09,GBP,1000.00,1000.00,32361,PERSONAL,United Kingdom
013991,2022-03-09,GBP,10000.00,10000.00,98508,BUSINESS,United Kingdom
571932,2022-03-09,USD,2500.00,1897.98,94653,PERSONAL,Germany
593197,2022-03-09,USD,1486.60,1128.61,30187,PERSONAL,United States of America
583349,2022-03-09,USD,1645.37,1249.15,46083,PERSONAL,Cyprus
015390,2022-03-09,USD,1668.39,1266.63,21010,PERSONAL,United States of America
574591,2022-03-09,USD,1669.54,1267.50,86121,BUSINESS,United States of America
556869,2022-03-09,BRL,8192.90,1245.47,49771,PERSONAL,Brazil
575240,2022-03-09,EUR,5351.00,4466.24,83653,PERSONAL,Belgium
567761,2022-03-09,USD,4077.07,3095.27,59800,PERSONAL,Bangladesh
590969,2022-03-09,USD,5100.00,3871.87,37260,BUSINESS,United States of America
075616,2022-03-09,HUF,531685.00,1174.24,12688,BUSINESS,Hungary
569065,2022-03-09,RON,20688.38,3490.58,80591,PERSONAL,Romania
575055,2022-03-09,CAD,6000.00,3596.99,35651,PERSONAL,Germany
569263,2022-03-09,USD,4507.20,3421.82,25493,PERSONAL,Australia
558592,2022-03-08,CAD,5630.50,3375.48,03463,BUSINESS,Canada
592787,2022-03-09,THB,49900.00,1140.36,74105,PERSONAL,Netherlands
584938,2022-03-09,USD,3954.38,3002.13,55366,PERSONAL,United States of America
587275,2022-03-09,EUR,3000.00,2503.97,88582,PERSONAL,United Kingdom
549132,2022-03-09,GBP,5295.98,5295.98,57867,PERSONAL,United Kingdom
566803,2022-03-09,USD,9500.00,7212.31,84456,PERSONAL,United States of America
577741,2022-03-09,USD,3000.00,2277.57,65948,BUSINESS,United States of America
571086,2022-03-09,CAD,2539.00,1522.13,20459,BUSINESS,Poland
553605,2022-03-09,GBP,2236.93,2236.93,01758,PERSONAL,United Kingdom
005479,2022-03-09,GBP,1500.00,1500.00,13651,BUSINESS,Poland
556312,2022-03-09,CAD,2923.76,1752.79,91313,PERSONAL,Canada
549365,2022-03-09,USD,1991.16,1511.67,42549,PERSONAL,Canada
580306,2022-03-09,USD,16500.00,12526.64,12544,PERSONAL,Paraguay
114876,2022-03-09,USD,2700.00,2049.81,44697,PERSONAL,United States of America
000985,2022-03-09,GBP,1500.00,1500.00,16380,PERSONAL,Czech Republic
108818,2022-03-09,GBP,6579.50,6579.50,82620,PERSONAL,United Kingdom
566409,2022-03-09,GBP,2200.24,2200.24,61526,PRIVATE,France
560569,2022-03-09,USD,7045.00,5348.50,95789,BUSINESS,Canada
000351,2022-03-09,USD,2031.97,1542.65,96666,PERSONAL,United States of America
039305,2022-03-09,EUR,23490.71,19606.65,07949,PERSONAL,Singapore
031969,2022-03-09,EUR,2250.00,1877.98,47213,BUSINESS,United Kingdom
590347,2022-03-09,USD,5000.00,3795.95,29682,PERSONAL,United States of America
990522,2022-03-09,USD,19531.20,14827.90,42087,BUSINESS,United States of America
588534,2022-03-09,EUR,14690.00,12261.09,70058,PERSONAL,France
563284,2022-03-09,EUR,4972.18,4150.06,08343,PERSONAL,Spain
559224,2022-03-09,EUR,5957.34,4972.33,88822,PERSONAL,United Kingdom
556305,2022-03-09,EUR,2536.72,2117.29,71331,BUSINESS,Hungary
044701,2022-03-09,GBP,2067.22,2067.22,89059,PERSONAL,United Kingdom
097786,2022-03-09,USD,10019.63,7606.81,75225,BUSINESS,United States of America
583713,2022-03-09,CAD,3006.30,1802.27,44604,PERSONAL,France
093229,2022-03-09,USD,2184.32,1658.31,12355,BUSINESS,United States of America
074441,2022-03-09,GBP,5000.00,5000.00,79260,BUSINESS,United Kingdom
096589,2022-03-09,USD,2350.92,1784.80,96854,PERSONAL,Germany
579184,2022-03-09,USD,1700.00,1290.62,82118,PERSONAL,Argentina
582118,2022-03-09,USD,3813.69,2895.32,32603,PERSONAL,United States of America
024975,2022-03-09,USD,23300.97,17689.87,17116,BUSINESS,China
070386,2022-03-09,USD,1562.99,1186.61,45639,PERSONAL,United States of America
569732,2022-03-09,USD,2776.44,2107.85,64660,BUSINESS,United States of America
553540,2022-03-09,USD,14999.00,11387.09,67546,PERSONAL,United States of America
074630,2022-03-09,USD,1800.00,1366.54,83420,PERSONAL,China
999576,2022-03-09,EUR,2000.00,1669.31,30240,BUSINESS,Lithuania
587889,2022-03-09,EUR,3500.00,2921.29,86860,PERSONAL,San Marino
561677,2022-03-09,GBP,1096.53,1096.53,57166,BUSINESS,United Kingdom
112235,2022-03-09,USD,3000.00,2277.57,64736,PERSONAL,United States of America
559886,2022-03-09,EUR,1201.91,1003.18,13319,PERSONAL,Germany
108715,2022-03-09,USD,9591.09,7281.46,84223,BUSINESS,"Taiwan, Republic of China"
071502,2022-03-09,HUF,3000000.00,6625.59,83724,BUSINESS,Hungary
107947,2022-03-09,THB,48587.34,1110.36,29870,PERSONAL,Germany
003417,2022-03-09,EUR,1500.00,1251.98,11982,PERSONAL,United Kingdom
022436,2022-03-09,EUR,1734.54,1447.74,61311,PERSONAL,Italy
582013,2022-03-09,USD,5000.00,3795.95,26327,PRIVATE,Germany
567408,2022-03-09,USD,4389.30,3332.31,19146,PERSONAL,United States of America
550002,2022-03-09,EUR,1586.00,1323.76,12446,PERSONAL,Spain
570573,2022-03-09,USD,2636.98,2001.97,86667,PERSONAL,United States of America
077074,2022-03-09,GBP,2092.67,2092.67,44278,BUSINESS,United Kingdom
559150,2022-03-09,GBP,7969.32,7969.32,10348,BUSINESS,United Kingdom
566561,2022-03-09,EUR,1975.36,1648.75,11173,PERSONAL,Germany
577324,2022-03-09,USD,10000.00,7591.90,56567,PERSONAL,United States of America
038053,2022-03-09,THB,108083.83,2470.02,34031,PERSONAL,Germany
032726,2022-03-09,EUR,1970.00,1644.27,04196,BUSINESS,Hungary
999171,2022-03-09,CAD,2596.25,1556.45,60359,PRIVATE,Canada
581971,2022-03-09,MYR,28726.43,5196.12,91824,PERSONAL,Malaysia
083172,2022-03-09,EUR,3136.43,2617.84,28099,BUSINESS,Canada
033859,2022-03-09,USD,2003.20,1520.81,21698,PERSONAL,United States of America
588266,2022-03-09,AUD,1982.24,1109.26,52866,PERSONAL,Australia
012076,2022-03-09,GBP,1100.00,1100.00,61032,PERSONAL,United Kingdom
024958,2022-03-09,USD,4969.46,3772.77,88608,PERSONAL,United States of America
578235,2022-03-09,CHF,3079.82,2515.10,56603,PERSONAL,Switzerland
590948,2022-03-09,CAD,2501.00,1499.35,55296,PERSONAL,Brazil
584701,2022-03-09,USD,10000.00,7591.90,59575,PRIVATE,United States of America
563948,2022-03-09,USD,3871.00,2938.83,87591,PERSONAL,Germany
563640,2022-03-09,USD,1500.00,1138.79,11064,PERSONAL,France
563368,2022-03-09,AUD,3000.00,1678.80,33533,PERSONAL,Australia
113093,2022-03-09,USD,1492.95,1133.43,75133,PERSONAL,United States of America
583869,2022-03-09,USD,3000.00,2277.57,70121,PERSONAL,United States of America
571653,2022-03-09,USD,8214.50,6236.37,23485,BUSINESS,Canada
556828,2022-03-09,USD,1605.10,1218.58,62788,PERSONAL,United States of America
061405,2022-03-09,EUR,2458.09,2051.66,31046,PERSONAL,Ireland
573890,2022-03-09,USD,30799.00,23382.30,56906,BUSINESS,Netherlands
023829,2022-03-09,EUR,1807.30,1508.47,20546,PERSONAL,United Kingdom
592895,2022-03-09,USD,2023.68,1536.36,18915,PERSONAL,United States of America
074791,2022-03-09,USD,1500.00,1138.79,61990,BUSINESS,United States of America
558609,2022-03-09,USD,5000.00,3795.95,37088,PERSONAL,United States of America
571578,2022-03-09,USD,3930.17,2983.75,15070,PERSONAL,United States of America
025659,2022-03-09,THB,48335.84,1104.61,08510,PERSONAL,Thailand
048304,2022-03-09,USD,10700.49,8123.71,91221,PRIVATE,United States of America
580667,2022-03-09,USD,55989.08,42506.36,69130,BUSINESS,United States of America
095451,2022-03-09,USD,5000.00,3795.95,26168,PERSONAL,United States of America
562855,2022-03-09,USD,2000.00,1518.38,02652,PERSONAL,Spain
585635,2022-03-09,EUR,2500.00,2086.64,41261,PERSONAL,Cyprus
591131,2022-03-09,EUR,2135.00,1781.99,77367,BUSINESS,Germany
066504,2022-03-09,USD,4992.50,3790.26,88539,PERSONAL,Germany
559957,2022-03-09,USD,6000.00,4555.14,96400,PERSONAL,Netherlands
584873,2022-03-09,USD,2913.65,2212.01,01895,PERSONAL,United States of America
470379,2022-03-09,USD,1507.38,1144.39,66824,PERSONAL,United States of America
559731,2022-03-09,GBP,5285.02,5285.02,33573,BUSINESS,Canada
567533,2022-03-08,GBP,2500.00,2500.00,70377,PERSONAL,United Kingdom
484072,2022-03-08,INR,105000.00,1044.88,35820,PERSONAL,United Kingdom
300958,2022-03-08,HUF,576000.00,1272.11,63151,PERSONAL,United Kingdom
294637,2022-03-08,TRY,37589.72,1951.29,02842,PERSONAL,United Kingdom
778215,2022-03-08,USD,1500.00,1138.79,92991,PERSONAL,United States of America
762099,2022-03-08,USD,6936.00,5265.74,95318,PRIVATE,United States of America
780678,2022-03-08,AUD,2000.00,1119.20,43995,PERSONAL,Australia
785917,2022-03-08,USD,1605.00,1218.50,11695,PERSONAL,United States of America
625964,2022-03-10,EUR,3335.00,2783.58,26490,PERSONAL,Norway
656448,2022-03-01,GBP,1551.73,1551.73,21435,PERSONAL,Belgium
652650,2022-03-01,USD,10000.00,7591.90,24235,PERSONAL,Hungary
644522,2022-03-01,EUR,1342.18,1120.26,05192,PERSONAL,Germany
647126,2022-03-01,EUR,1200.00,1001.59,47043,PERSONAL,Spain
660623,2022-03-01,GBP,1391.00,1391.00,94105,PERSONAL,United Kingdom
656654,2022-03-01,GBP,1186.95,1186.95,47249,BUSINESS,United Kingdom
667554,2022-03-01,GBP,1750.00,1750.00,46202,BUSINESS,United States of America
656456,2022-03-01,GBP,1000.00,1000.00,94267,PERSONAL,United States of America
669115,2022-03-01,EUR,2000.28,1669.54,77790,PERSONAL,Germany
670145,2022-03-02,SGD,7500.00,4188.92,77507,PERSONAL,Australia
655010,2022-03-01,GBP,19500.00,19500.00,37278,PERSONAL,United States of America
647642,2022-03-01,EUR,1923.28,1605.28,81523,BUSINESS,Italy
654840,2022-03-01,EUR,40341.81,33671.52,89592,PERSONAL,Slovakia
670461,2022-03-01,GBP,35732.08,35732.08,69925,BUSINESS,United Kingdom
650962,2022-03-01,GBP,2130.00,2130.00,31660,PERSONAL,Spain
646252,2022-03-01,SEK,30007.78,2371.40,35741,PERSONAL,Sweden
670395,2022-03-01,AUD,2320.03,1298.29,68349,PERSONAL,Australia
670446,2022-03-01,USD,1940.00,1472.83,38780,BUSINESS,United States of America
645324,2022-03-01,CAD,6012.60,3604.55,10065,PERSONAL,United States of America
640310,2022-03-01,EUR,1905.00,1590.02,59363,PERSONAL,Ukraine
645707,2022-03-01,USD,3885.00,2949.45,49642,PERSONAL,United States of America
649673,2022-03-01,USD,1335.19,1013.66,16507,PERSONAL,Italy
642013,2022-03-01,GBP,1165.13,1165.13,07506,BUSINESS,United Kingdom
103950,2022-03-16,GBP,9225.83,9225.83,21723,PERSONAL,United Kingdom
872073,2022-03-02,CHF,1677.05,1369.54,91086,PERSONAL,Switzerland
262489,2022-03-07,CNY,9400.00,1124.74,55828,BUSINESS,Australia
267039,2022-03-07,CNY,10879.89,1301.82,21422,PERSONAL,Spain
262085,2022-03-07,CNY,16200.00,1938.39,55184,BUSINESS,Singapore
262272,2022-03-07,CNY,12400.00,1483.70,22852,PERSONAL,Japan
261760,2022-03-07,CNY,30944.01,3702.56,08284,BUSINESS,Japan
261810,2022-03-07,CNY,9774.44,1169.55,77000,PERSONAL,Japan
981048,2022-03-11,USD,3100.00,2353.49,11515,BUSINESS,United Kingdom
952301,2022-03-08,RUB,152714.26,1028.18,56667,BUSINESS,Ireland
080538,2022-03-11,GBP,1305.00,1305.00,88557,PERSONAL,United Kingdom
076657,2022-03-11,EUR,2863.40,2389.95,78855,BUSINESS,United States of America
701901,2022-03-07,USD,15000.00,11387.85,58604,PERSONAL,United States of America
704172,2022-03-07,USD,5000.00,3795.95,40306,PERSONAL,Brazil
419416,2022-03-07,USD,2700.00,2049.81,69491,PERSONAL,United States of America
447241,2022-03-07,USD,2100.00,1594.30,49914,PERSONAL,Colombia
391550,2022-03-07,USD,1984.70,1506.76,90833,PERSONAL,Cayman Islands
378445,2022-03-04,GBP,11364.73,11364.73,81785,BUSINESS,United Kingdom
378465,2022-03-04,GBP,11364.73,11364.73,81785,BUSINESS,United Kingdom
247908,2022-03-04,USD,9547.00,7247.99,28413,PERSONAL,Germany
745190,2022-03-07,USD,1950.00,1480.42,56575,PERSONAL,Kazakhstan
078957,2022-03-03,GBP,2821.89,2821.89,47114,PERSONAL,United Kingdom
804271,2022-03-03,COP,7316724.36,1458.60,00777,PERSONAL,Colombia
286038,2022-03-08,BRL,7804.32,1186.40,43797,PERSONAL,United States of America
190366,2022-03-04,EUR,5000.00,4173.28,16087,PERSONAL,Germany
506614,2022-03-04,GBP,1000.32,1000.32,46058,BUSINESS,United Kingdom
012296,2022-03-08,USD,12703.41,9644.31,92130,PERSONAL,United States of America
005545,2022-03-08,USD,3503.41,2659.75,29266,BUSINESS,United Kingdom
005458,2022-03-08,GBP,1534.78,1534.78,08702,BUSINESS,United States of America
218147,2022-03-11,GBP,1291.76,1291.76,91367,BUSINESS,United Kingdom
194443,2022-03-11,JPY,240000.00,1541.22,33376,BUSINESS,United Kingdom
198602,2022-03-11,EUR,5500.00,4590.61,70506,PERSONAL,United Kingdom
175770,2022-03-11,BRL,6595.00,1002.56,86793,PERSONAL,Canada
162580,2022-03-11,GBP,1552.11,1552.11,50601,PERSONAL,Andorra
156849,2022-03-11,EUR,2017.00,1683.50,18609,BUSINESS,Hungary
179300,2022-03-11,EUR,6550.00,5466.99,83309,PERSONAL,Italy
157989,2022-03-11,EUR,1292.24,1078.58,03108,PERSONAL,Germany
184512,2022-03-11,EUR,1583.10,1321.34,10141,PERSONAL,Brazil
165359,2022-03-11,EUR,6414.80,5354.15,35096,BUSINESS,Latvia
191898,2022-03-11,EUR,1597.17,1333.09,66946,PERSONAL,Brazil
189244,2022-03-11,EUR,1602.02,1337.13,19573,PERSONAL,Brazil
153751,2022-03-11,GBP,37642.39,37642.39,55416,PERSONAL,United Kingdom
181666,2022-03-10,MXN,56000.00,2062.46,14097,PERSONAL,Mexico
213252,2022-03-11,EUR,1500.00,1251.98,47282,PERSONAL,Philippines
161567,2022-03-11,GBP,1000.00,1000.00,94556,PERSONAL,United Kingdom
194140,2022-03-11,TRY,19702.63,1022.77,71442,PERSONAL,Turkey
175308,2022-03-11,BRL,9000.00,1368.17,26868,PERSONAL,Brazil
251708,2022-03-08,USD,2000.00,1518.38,16006,PERSONAL,Turks and Caicos Islands
753465,2022-03-07,EUR,1820.28,1519.31,80143,BUSINESS,Netherlands
753470,2022-03-07,EUR,1201.00,1002.42,80143,BUSINESS,Netherlands
367639,2022-03-07,USD,10000.00,7591.90,88015,PERSONAL,United States of America
948255,2022-03-11,GBP,5500.00,5500.00,27790,PERSONAL,United Kingdom
930607,2022-03-11,CAD,2500.00,1498.75,17337,PERSONAL,France
918125,2022-03-11,USD,10870.27,8252.60,67826,PERSONAL,United States of America
977628,2022-03-11,GBP,2000.00,2000.00,65153,PERSONAL,Norway
977330,2022-03-11,GBP,1065.14,1065.14,19580,PERSONAL,Canada
977204,2022-03-11,USD,2084.11,1582.24,09283,PERSONAL,United States of America
981901,2022-03-11,GBP,4500.00,4500.00,68407,PERSONAL,United Kingdom
958727,2022-03-11,GBP,1350.00,1350.00,24568,BUSINESS,United Kingdom
565294,2022-03-08,EUR,5020.91,4190.73,04821,BUSINESS,Italy
901964,2022-03-15,AUD,7536.92,4217.65,72588,PERSONAL,Ireland
915798,2022-03-15,AUD,5250.00,2937.89,95466,PERSONAL,Australia
511967,2022-03-14,THB,46997.85,1074.03,48698,PERSONAL,Lithuania
513850,2022-03-14,THB,49226.00,1124.95,33299,PERSONAL,United States of America
540379,2022-03-14,THB,45000.00,1028.38,46940,PERSONAL,United Kingdom
495343,2022-03-14,GBP,1195.00,1195.00,19588,PERSONAL,United Kingdom
031575,2022-03-10,EUR,2000.00,1669.31,43691,BUSINESS,Singapore
101569,2022-03-10,EUR,2400.00,2003.17,42720,PERSONAL,Thailand
030049,2022-03-10,USD,2500.00,1897.98,34548,PERSONAL,Brazil
038852,2022-03-10,USD,4000.00,3036.76,29191,PERSONAL,United States of America
994574,2022-03-10,USD,5862.50,4450.75,82593,BUSINESS,United Kingdom
956218,2022-03-10,HUF,63708508.00,140702.12,23593,BUSINESS,Hungary
945940,2022-03-10,RON,5995.71,1011.61,53135,PERSONAL,Romania
956541,2022-03-10,RON,5937.54,1001.79,15899,PERSONAL,Romania
988235,2022-03-10,EUR,50000.00,41732.78,01115,PERSONAL,United Kingdom
017985,2022-03-05,GBP,3791.00,3791.00,71005,PERSONAL,United Kingdom
021951,2022-03-05,USD,1944.51,1476.25,61751,BUSINESS,United Kingdom
028864,2022-03-05,USD,1377.51,1045.79,28856,BUSINESS,United Kingdom
769896,2022-03-05,MYR,29000.00,5245.61,99623,PERSONAL,Malaysia
777124,2022-03-05,GBP,1000.00,1000.00,98065,PERSONAL,Malaysia
367137,2022-03-05,GBP,4000.00,4000.00,95970,PERSONAL,United States of America
367330,2022-03-05,GBP,4000.00,4000.00,95970,PERSONAL,United States of America
773802,2022-03-05,GBP,5308.72,5308.72,88516,PERSONAL,United Kingdom
760807,2022-03-05,GBP,2000.00,2000.00,86231,PERSONAL,United Kingdom
767953,2022-03-05,MYR,29409.09,5319.61,95607,PERSONAL,Malaysia
768202,2022-03-05,GBP,5000.00,5000.00,94926,PERSONAL,United Kingdom
833219,2022-03-05,MYR,13767.63,2490.33,89051,PERSONAL,Ireland
365955,2022-03-06,AUD,2500.00,1399.00,55134,PERSONAL,United States of America
914096,2022-03-05,MYR,10000.00,1808.83,40938,PERSONAL,Singapore
892312,2022-03-05,MYR,30000.00,5426.49,15117,PERSONAL,United Kingdom
297976,2022-03-05,GBP,2200.00,2200.00,98159,BUSINESS,United Kingdom
272817,2022-03-05,MYR,10000.00,1808.83,74547,PERSONAL,Malaysia
783834,2022-03-04,IDR,37928610.00,2007.26,69247,PERSONAL,Malaysia
784464,2022-03-04,USD,1600.00,1214.70,89018,PERSONAL,Turks and Caicos Islands
075110,2022-03-04,MYR,12552.77,2270.58,71174,PERSONAL,Malaysia
079108,2022-03-04,MYR,18796.52,3399.97,11086,PERSONAL,Malaysia
237231,2022-03-04,USD,1418.96,1077.26,75507,BUSINESS,United States of America
052936,2022-03-05,MYR,10000.00,1808.83,13624,PERSONAL,Malaysia
905683,2022-03-05,MYR,8762.49,1584.99,82044,PERSONAL,Malaysia
054387,2022-03-05,HKD,11157.08,1082.81,73542,PERSONAL,Malaysia
055231,2022-03-05,GBP,10000.00,10000.00,70925,PERSONAL,United Kingdom
510602,2022-03-05,USD,1938.01,1471.32,34713,BUSINESS,Canada
513158,2022-03-05,MYR,30000.00,5426.49,56255,PERSONAL,Malaysia
508486,2022-03-05,MYR,10000.00,1808.83,07901,PERSONAL,Malaysia
511809,2022-03-05,USD,6435.63,4885.87,84208,BUSINESS,United States of America
166387,2022-03-04,CNY,14924.53,1785.77,52822,PERSONAL,Malaysia
155390,2022-03-04,IDR,35879404.00,1898.81,75405,PERSONAL,Malaysia
167722,2022-03-04,IDR,50581953.00,2676.89,52490,PERSONAL,Malaysia
152471,2022-03-04,IDR,58661400.00,3104.47,64718,PERSONAL,Singapore
167526,2022-03-04,MYR,29760.07,5383.09,87387,PERSONAL,Malaysia
597078,2022-03-04,MYR,5551.31,1004.14,18298,PERSONAL,Malaysia
432873,2022-03-05,USD,2911.26,2210.20,65666,PERSONAL,United States of America
572233,2022-03-04,USD,1700.00,1290.62,00734,PERSONAL,Philippines
996761,2022-03-05,GBP,16533.83,16533.83,38740,BUSINESS,United Kingdom
007908,2022-03-05,DKK,10000.00,1121.75,10640,PERSONAL,Poland
812139,2022-03-05,GBP,2492.66,2492.66,95600,PERSONAL,United Kingdom
997309,2022-03-05,EUR,1800.28,1502.61,74764,PERSONAL,France
998217,2022-03-05,USD,6725.00,5105.55,62236,PERSONAL,Portugal
835944,2022-03-05,EUR,1490.28,1243.87,57180,BUSINESS,Belgium
827771,2022-03-05,EUR,6011.31,5017.37,37121,PERSONAL,United Kingdom
669039,2022-03-05,HKD,39969.11,3879.05,61541,BUSINESS,"Hong Kong, Special Administrative Region of China"
221378,2022-03-08,GBP,48000.00,48000.00,87563,PERSONAL,United Kingdom
289587,2022-03-08,EUR,1825.23,1523.44,51722,BUSINESS,United States of America
231811,2022-03-08,USD,3500.00,2657.17,55808,BUSINESS,United States of America
270842,2022-03-08,EUR,1538.00,1283.70,98829,PERSONAL,Belgium
293371,2022-03-08,USD,11242.50,8535.20,45498,BUSINESS,United States of America
418062,2022-03-07,VND,145148526.00,4820.37,37260,BUSINESS,United States of America
384302,2022-03-07,AUD,10000.00,5595.99,50844,BUSINESS,Australia
203228,2022-03-07,CHF,5000.00,4083.19,44480,PERSONAL,Switzerland
190744,2022-03-07,NZD,5100.00,2658.69,74418,PERSONAL,Czech Republic
184309,2022-03-07,AUD,10000.00,5595.99,30701,PERSONAL,Australia
202843,2022-03-07,GBP,15000.00,15000.00,07034,PERSONAL,Australia
187180,2022-03-07,GBP,1200.00,1200.00,36439,PERSONAL,Cyprus
934934,2022-03-07,AUD,4000.00,2238.39,36739,PERSONAL,Australia
383183,2022-03-07,CHF,10000.00,8166.38,43635,PERSONAL,Switzerland
566382,2022-03-05,USD,1951.84,1481.82,68028,PERSONAL,United States of America
927976,2022-03-08,MXN,41472.47,1527.42,05121,PERSONAL,United States of America
957108,2022-03-07,EUR,4076.84,3402.76,02681,BUSINESS,United States of America
930310,2022-03-07,EUR,9090.82,7587.70,20998,PRIVATE,Austria
956617,2022-03-07,EUR,1371.18,1144.46,82955,PERSONAL,Spain
929852,2022-03-07,EUR,9090.82,7587.70,94411,PERSONAL,United States of America
948383,2022-03-07,EUR,2746.74,2292.58,27673,PERSONAL,United States of America
952788,2022-03-07,USD,1489.85,1131.08,86898,PERSONAL,United States of America
937041,2022-03-07,EUR,1827.62,1525.43,90099,PERSONAL,Spain
936789,2022-03-07,EUR,2900.00,2420.50,68963,PERSONAL,United States of America
947208,2022-03-07,USD,16223.23,12316.52,65838,PERSONAL,United Kingdom
938116,2022-03-07,EUR,1900.00,1585.85,26054,PERSONAL,France
930383,2022-03-07,EUR,3669.63,3062.88,10922,PERSONAL,United States of America
201511,2022-03-07,EUR,2755.84,2300.18,17299,PERSONAL,France
917106,2022-03-01,EUR,2000.00,1669.31,91045,PERSONAL,United States of America
942064,2022-03-01,DKK,10000.00,1121.75,73900,PERSONAL,Denmark
976277,2022-03-01,EUR,13613.94,11362.95,53430,BUSINESS,Netherlands
941923,2022-03-01,EUR,2062.00,1721.06,39919,PERSONAL,South Africa
955169,2022-03-01,EUR,3693.69,3082.96,90471,PERSONAL,"Hong Kong, Special Administrative Region of China"
950236,2022-03-01,NOK,13380.40,1148.49,38430,PERSONAL,Norway
938000,2022-03-01,EUR,4000.00,3338.62,03548,PERSONAL,Netherlands
944046,2022-03-01,GBP,1162.00,1162.00,40086,PERSONAL,United Kingdom
934881,2022-03-01,GBP,2000.00,2000.00,32812,PERSONAL,United Kingdom
944466,2022-03-01,EUR,3450.91,2880.32,33529,BUSINESS,Netherlands
958924,2022-03-01,PLN,10000.00,1752.23,26349,PERSONAL,Poland
635184,2022-03-02,GBP,5500.00,5500.00,28489,PERSONAL,United Kingdom
635814,2022-03-02,GBP,3000.00,3000.00,40264,BUSINESS,Malta
618147,2022-03-02,USD,6646.25,5045.77,40152,BUSINESS,Estonia
623265,2022-03-02,EUR,2000.00,1669.31,13451,PERSONAL,Spain
602292,2022-03-02,AUD,18890.09,10570.87,28994,PERSONAL,Australia
602386,2022-03-02,DKK,9947.59,1115.87,70495,PERSONAL,Denmark
605783,2022-03-02,JPY,248208.00,1593.93,07481,PERSONAL,Japan
621477,2022-03-02,GBP,4400.00,4400.00,38572,PERSONAL,United Kingdom
598132,2022-03-02,EUR,5000.00,4173.28,73486,PERSONAL,France
606490,2022-03-02,EUR,2000.00,1669.31,47912,BUSINESS,Italy
637897,2022-03-02,INR,437391.92,4352.58,13006,PERSONAL,Australia
631448,2022-03-02,USD,2777.01,2108.28,95105,PERSONAL,United States of America
601828,2022-03-02,EUR,5969.05,4982.10,55108,PERSONAL,Germany
633214,2022-03-02,USD,1452.78,1102.94,09347,PERSONAL,United States of America
618047,2022-03-02,EUR,4000.28,3338.86,54396,PERSONAL,Switzerland
634354,2022-03-02,EUR,5000.00,4173.28,19717,PERSONAL,Spain
605838,2022-03-02,AUD,2982.91,1669.23,60389,PERSONAL,Australia
633835,2022-03-02,EUR,41000.00,34220.88,85103,BUSINESS,United States of America
637338,2022-03-02,EUR,2700.00,2253.57,66167,PERSONAL,France
627427,2022-03-02,EUR,2000.00,1669.31,39219,BUSINESS,United Kingdom
598439,2022-03-02,JPY,198555.00,1275.07,69585,PERSONAL,Japan
624395,2022-03-02,EUR,30010.50,25048.43,07813,BUSINESS,Switzerland
634520,2022-03-02,NZD,2587.32,1348.80,39647,PERSONAL,New Zealand
603435,2022-03-02,GBP,1692.08,1692.08,29712,PERSONAL,United Kingdom
632653,2022-03-02,EUR,1300.00,1085.05,53706,PERSONAL,France
612290,2022-03-02,GBP,1244.88,1244.88,60027,PERSONAL,France
604355,2022-03-02,EUR,1198.44,1000.28,74835,PERSONAL,Portugal
620374,2022-03-02,EUR,1500.00,1251.98,29727,PERSONAL,Germany
601687,2022-03-02,GBP,3484.03,3484.03,56251,PERSONAL,United Kingdom
626263,2022-03-02,EUR,2400.00,2003.17,66270,BUSINESS,Germany
624552,2022-03-02,SGD,2986.50,1668.03,70165,PERSONAL,France
624061,2022-03-02,EUR,1990.00,1660.96,77005,PERSONAL,United States of America
632505,2022-03-02,USD,1987.73,1509.07,14682,PERSONAL,Ireland
626300,2022-03-02,EUR,2133.67,1780.88,51490,PRIVATE,Hungary
638376,2022-03-02,EUR,187833.65,156776.41,34466,BUSINESS,United Kingdom
605190,2022-03-02,JPY,297860.00,1912.79,00796,PERSONAL,Japan
634529,2022-03-02,EUR,10694.95,8926.60,10166,PERSONAL,Germany
604211,2022-03-02,GBP,1891.20,1891.20,17364,PERSONAL,United Kingdom
633096,2022-03-02,EUR,2857.03,2384.64,92674,PERSONAL,Germany
600637,2022-03-02,CHF,4973.05,4061.18,58031,PERSONAL,Switzerland
604997,2022-03-02,GBP,1692.10,1692.10,62858,PERSONAL,United Kingdom
630970,2022-03-02,CZK,49555.58,1651.29,67055,PERSONAL,Czech Republic
621020,2022-03-02,EUR,2700.00,2253.57,19349,BUSINESS,Belgium
620680,2022-03-02,EUR,1538.00,1283.70,38532,PERSONAL,United Kingdom
621193,2022-03-02,EUR,2678.09,2235.28,29807,PERSONAL,Ireland
618966,2022-03-02,USD,6605.54,5014.86,66582,PERSONAL,United States of America
635089,2022-03-02,EUR,2027.00,1691.85,95210,PERSONAL,United Kingdom
603854,2022-03-02,USD,1489.07,1130.49,83307,PERSONAL,India
602205,2022-03-02,JPY,198555.00,1275.07,12051,PERSONAL,Japan
617236,2022-03-02,SEK,53000.00,4188.39,61984,BUSINESS,Sweden
627660,2022-03-02,EUR,1900.00,1585.85,96127,PERSONAL,Germany
603714,2022-03-02,GBP,1692.10,1692.10,83488,PERSONAL,United Kingdom
222670,2022-03-14,GBP,1108.71,1108.71,90549,PERSONAL,United Kingdom
256473,2022-03-14,GBP,4650.28,4650.28,37260,BUSINESS,United States of America
235265,2022-03-14,CZK,42565.55,1418.37,61290,PERSONAL,Czech Republic
180552,2022-03-14,EUR,2000.00,1669.31,02263,PERSONAL,Portugal
159004,2022-03-14,EUR,1600.00,1335.45,03922,BUSINESS,United Kingdom
279385,2022-03-14,NOK,76500.00,6566.28,25536,PERSONAL,Australia
164498,2022-03-14,EUR,3012.30,2514.23,38738,PERSONAL,Portugal
241397,2022-03-14,EUR,2200.00,1836.24,35951,PERSONAL,Portugal
293991,2022-03-14,EUR,1209.22,1009.28,31569,PERSONAL,France
329571,2022-03-14,GBP,2662.42,2662.42,97104,BUSINESS,United Kingdom
169745,2022-03-14,DKK,22509.14,2524.96,27337,PERSONAL,Denmark
169369,2022-03-14,EUR,1270.01,1060.02,79834,PERSONAL,Portugal
288415,2022-03-14,NZD,11000.00,5734.42,55700,PERSONAL,United Kingdom
247666,2022-03-14,EUR,1498.12,1250.41,35201,PERSONAL,Italy
324237,2022-03-14,EUR,1220.00,1018.28,60687,PERSONAL,Portugal
287798,2022-03-14,LKR,500240.66,1502.97,83557,PERSONAL,United Kingdom
239879,2022-03-14,NOK,28649.56,2459.10,72900,BUSINESS,United States of America
338623,2022-03-14,GBP,1011.99,1011.99,65980,PERSONAL,United Kingdom
281313,2022-03-14,INR,200000.00,1990.24,40909,PERSONAL,United Kingdom
555298,2022-03-17,USD,2000.00,1518.38,74465,PERSONAL,United States of America
571116,2022-03-17,USD,2000.00,1518.38,84011,PERSONAL,United Kingdom
545611,2022-03-17,USD,1500.00,1138.79,14707,PERSONAL,United States of America
571674,2022-03-17,USD,1996.00,1515.34,67354,PERSONAL,United States of America
569856,2022-03-17,USD,1900.00,1442.46,21432,PERSONAL,United States of America
586455,2022-03-17,USD,1973.79,1498.48,29819,PERSONAL,Ecuador
706512,2022-03-17,EUR,9000.00,7511.90,55745,PERSONAL,Spain
676138,2022-03-17,EUR,8660.35,7228.41,00323,PERSONAL,Spain
586867,2022-03-17,USD,1983.60,1505.93,56163,PERSONAL,Trinidad and Tobago
629093,2022-03-17,USD,5950.17,4517.31,70078,BUSINESS,Australia
627179,2022-03-17,USD,3403.44,2583.86,29014,BUSINESS,United States of America
396963,2022-03-18,ILS,9745.18,2278.79,57040,PRIVATE,Israel
400171,2022-03-18,EUR,4497.12,3753.55,90648,BUSINESS,United States of America
045007,2022-03-17,EUR,2468.17,2060.07,31391,PERSONAL,Portugal
065098,2022-03-17,NOK,19547.86,1677.87,61191,PERSONAL,Norway
046839,2022-03-17,EUR,2566.95,2142.52,21642,PERSONAL,Portugal
046852,2022-03-17,BRL,14525.88,2208.20,21642,PERSONAL,Portugal
055453,2022-03-17,CNY,15038.02,1799.35,53161,PERSONAL,Austria
043370,2022-03-17,EUR,1776.77,1482.99,72304,PERSONAL,Germany
042220,2022-03-17,BRL,46825.45,7118.33,14649,PERSONAL,Portugal
047164,2022-03-17,BRL,12896.84,1960.56,38975,PERSONAL,Portugal
056467,2022-03-17,UAH,59000.00,1528.67,93024,PERSONAL,Germany
080954,2022-03-17,USD,1900.00,1442.46,14313,PERSONAL,Argentina
080957,2022-03-17,EUR,2030.00,1694.35,54995,PERSONAL,Netherlands
045819,2022-03-17,EUR,3000.00,2503.97,70270,PERSONAL,Ireland
044879,2022-03-17,BRL,27571.69,4191.40,06166,PERSONAL,Brazil
043640,2022-03-17,EUR,1974.32,1647.88,22925,PERSONAL,Portugal
049421,2022-03-17,GBP,1078.67,1078.67,42010,PERSONAL,United Kingdom
466986,2022-03-06,EUR,1858.38,1551.11,25124,PERSONAL,Russian Federation
424593,2022-03-06,MYR,11698.55,2116.07,28404,PERSONAL,Malaysia
353845,2022-03-06,VND,33798500.00,1122.45,92073,PERSONAL,Malaysia
061149,2022-03-06,SGD,3240.24,1809.75,33608,PERSONAL,Singapore
446941,2022-03-06,MYR,30000.00,5426.49,53174,PERSONAL,Malaysia
442071,2022-03-06,MYR,9950.47,1799.87,39084,PERSONAL,Malaysia
444315,2022-03-06,IDR,44512327.00,2355.68,29620,PERSONAL,Malaysia
764312,2022-03-06,HKD,55837.53,5419.10,36301,PERSONAL,Malaysia
760022,2022-03-06,IDR,20196614.00,1068.84,85454,PERSONAL,Malaysia
752688,2022-03-06,MYR,9943.32,1798.58,84220,PERSONAL,United Kingdom
758490,2022-03-06,MYR,5900.00,1067.21,85454,PERSONAL,Malaysia
824886,2022-03-03,BRL,8329.69,1266.27,48629,PERSONAL,Brazil
835269,2022-03-03,EUR,4391.72,3665.57,46602,PERSONAL,United States of America
819887,2022-03-03,EUR,1248.95,1042.44,10345,PERSONAL,Argentina
844756,2022-03-03,HUF,609600.00,1346.32,17695,BUSINESS,Hungary
832402,2022-03-03,GBP,17580.00,17580.00,50252,BUSINESS,United Kingdom
933300,2022-03-02,AUD,19882.68,11126.32,43823,PERSONAL,Australia
966509,2022-03-01,GBP,3837.13,3837.13,22245,PERSONAL,United Kingdom
959067,2022-03-01,GBP,1500.00,1500.00,14224,PERSONAL,United Kingdom
956961,2022-03-01,EUR,1500.00,1251.98,29727,PERSONAL,Germany
958215,2022-03-01,USD,1669.36,1267.36,57778,BUSINESS,United States of America
959589,2022-03-01,EUR,2304.93,1923.82,38522,PERSONAL,Germany
958429,2022-03-01,EUR,1500.00,1251.98,57778,BUSINESS,United States of America
953384,2022-03-01,GBP,1000.00,1000.00,36038,PERSONAL,Norway
961425,2022-03-01,EUR,2706.71,2259.17,08173,PERSONAL,Netherlands
952216,2022-03-01,EUR,1476.09,1232.03,79683,PERSONAL,France
958442,2022-03-01,GBP,1491.49,1491.49,65958,PERSONAL,United States of America
962072,2022-03-01,EUR,2695.66,2249.95,08173,PERSONAL,Netherlands
952672,2022-03-01,EUR,1500.41,1252.33,87485,PERSONAL,Ireland
954657,2022-03-01,USD,2683.52,2037.30,69270,PERSONAL,United Kingdom
955258,2022-03-01,EUR,7377.28,6157.49,88467,BUSINESS,Lithuania
960444,2022-03-01,GBP,1500.00,1500.00,55435,PERSONAL,United Kingdom
957423,2022-03-01,PLN,6306.23,1104.99,91931,PERSONAL,United Kingdom
956752,2022-03-01,EUR,2500.00,2086.64,58353,PERSONAL,Ireland
961790,2022-03-01,GBP,2070.00,2070.00,49752,BUSINESS,United Kingdom
957588,2022-03-01,USD,1950.00,1480.42,21105,PERSONAL,United States of America
962248,2022-03-01,GBP,3365.00,3365.00,01509,PERSONAL,United States of America
959661,2022-03-01,EUR,1506.15,1257.12,79267,PERSONAL,France
951528,2022-03-01,USD,2783.03,2112.85,45219,PERSONAL,Netherlands
955256,2022-03-01,GBP,1500.00,1500.00,79960,PERSONAL,Guernsey
954051,2022-03-01,GBP,1000.00,1000.00,40214,PERSONAL,United Kingdom
958552,2022-03-01,USD,1984.85,1506.88,97168,PRIVATE,Thailand
955154,2022-03-01,EUR,4000.00,3338.62,38212,PERSONAL,United Kingdom
959573,2022-03-01,GBP,10035.00,10035.00,49812,BUSINESS,United Kingdom
962027,2022-03-01,USD,4484.03,3404.23,01509,PERSONAL,United States of America
964550,2022-03-01,EUR,1200.00,1001.59,66751,PERSONAL,United States of America
962067,2022-03-01,EUR,2261.05,1887.20,95883,PERSONAL,Brazil
967144,2022-03-01,GBP,1180.00,1180.00,18116,PERSONAL,United Kingdom
958080,2022-03-01,USD,2981.76,2263.72,37759,PERSONAL,United Kingdom
954603,2022-03-01,USD,1602.85,1216.87,34214,PERSONAL,United States of America
961403,2022-03-01,USD,3578.23,2716.56,75787,PERSONAL,United Kingdom
961348,2022-03-01,EUR,2700.00,2253.57,16494,PERSONAL,Hungary
374111,2022-03-01,GBP,2483.63,2483.63,83386,PERSONAL,United Kingdom
959139,2022-03-01,GBP,1000.00,1000.00,74155,PERSONAL,United Kingdom
961732,2022-03-01,MAD,14202.07,1106.59,37698,PERSONAL,Morocco
785424,2022-03-11,USD,3150.00,2391.45,99270,PERSONAL,United States of America
093222,2022-03-09,USD,2404.14,1825.20,55881,PERSONAL,Japan
978610,2022-03-11,NZD,99736.09,51993.54,00947,PERSONAL,Netherlands
977894,2022-03-10,CAD,2879.96,1726.53,03031,PERSONAL,Canada
978606,2022-03-11,NZD,99736.09,51993.54,00947,PERSONAL,Netherlands
028904,2022-03-10,EUR,1740.90,1453.05,82926,PERSONAL,United States of America
024375,2022-03-10,CAD,3805.92,2281.65,15865,PERSONAL,United States of America
033551,2022-03-10,USD,8000.00,6073.52,45873,BUSINESS,United States of America
409137,2022-03-11,USD,2000.00,1518.38,65988,PERSONAL,Spain
565596,2022-03-14,GBP,1500.00,1500.00,56539,PERSONAL,Australia
505297,2022-03-14,NOK,45072.00,3868.70,17328,PERSONAL,Thailand
586601,2022-03-14,GBP,1981.37,1981.37,64536,PERSONAL,United Kingdom
473971,2022-03-07,AUD,1983.02,1109.70,32854,PERSONAL,Australia
520721,2022-03-07,AUD,5697.06,3188.07,85521,BUSINESS,New Zealand
501454,2022-03-07,EUR,2088.84,1743.46,21412,PERSONAL,Germany
491606,2022-03-07,EUR,1287.61,1074.71,68408,PERSONAL,Ireland
499447,2022-03-07,INR,151585.23,1508.46,25877,PERSONAL,Australia
520591,2022-03-07,EUR,2200.00,1836.24,43128,BUSINESS,Czech Republic
474570,2022-03-07,GBP,1708.89,1708.89,94422,BUSINESS,United Kingdom
503738,2022-03-07,HKD,71008.47,6891.46,31135,PERSONAL,Thailand
489195,2022-03-07,AUD,1794.58,1004.24,22658,PERSONAL,Australia
499698,2022-03-07,INR,200000.00,1990.24,58323,BUSINESS,Australia
520795,2022-03-07,HKD,24891.02,2415.70,50821,PERSONAL,"Hong Kong, Special Administrative Region of China"
494692,2022-03-07,MYR,9939.92,1797.96,28528,PERSONAL,Malaysia
490170,2022-03-07,USD,1489.07,1130.49,37403,PERSONAL,United States of America
509810,2022-03-07,AUD,2982.91,1669.23,98268,PERSONAL,Australia
485436,2022-03-07,EUR,1292.90,1079.13,64576,BUSINESS,Germany
501404,2022-03-07,AUD,2982.91,1669.23,86300,PERSONAL,Australia
480115,2022-03-07,GBP,1448.80,1448.80,92038,BUSINESS,United Kingdom
496128,2022-03-07,GBP,1971.84,1971.84,53533,PERSONAL,United Kingdom
506599,2022-03-07,USD,2486.42,1887.67,52766,PERSONAL,United States of America
515141,2022-03-07,EUR,5000.00,4173.28,10878,PERSONAL,France
522339,2022-03-07,EUR,1818.00,1517.40,55144,PERSONAL,Italy
517786,2022-03-07,GBP,4554.95,4554.95,99310,BUSINESS,Norway
522779,2022-03-07,CHF,15000.00,12249.57,09514,PERSONAL,France
477439,2022-03-07,EUR,1989.34,1660.41,92615,PERSONAL,Ireland
478030,2022-03-07,EUR,1485.79,1240.12,53429,PERSONAL,Austria
505868,2022-03-07,AUD,3551.44,1987.38,67496,PERSONAL,Australia
489411,2022-03-07,IDR,30070000.00,1591.36,34081,PERSONAL,Indonesia
521823,2022-03-07,CAD,1984.01,1189.41,50038,PERSONAL,France
476108,2022-03-07,AUD,1983.02,1109.70,68331,PERSONAL,Australia
505082,2022-03-07,USD,3141.10,2384.69,10369,PERSONAL,United Kingdom
523386,2022-03-07,CHF,5000.00,4083.19,90038,PERSONAL,France
506284,2022-03-07,GBP,1492.99,1492.99,08170,PERSONAL,United Kingdom
477100,2022-03-07,AUD,2386.20,1335.31,09624,PERSONAL,Australia
520692,2022-03-07,EUR,2090.00,1744.43,67420,BUSINESS,United Kingdom
503816,2022-03-07,HKD,25517.64,2476.52,46827,PERSONAL,"Hong Kong, Special Administrative Region of China"
505830,2022-03-07,AUD,1986.46,1111.62,91934,PERSONAL,India
476588,2022-03-07,CAD,1673.58,1003.31,60531,PRIVATE,Canada
485786,2022-03-07,USD,2267.58,1721.52,94997,BUSINESS,United States of America
496072,2022-03-07,AUD,1988.38,1112.69,11672,PERSONAL,Australia
522910,2022-03-07,EUR,2940.00,2453.89,68338,BUSINESS,Austria
522413,2022-03-07,GBP,1860.59,1860.59,61960,BUSINESS,United Kingdom
473236,2022-03-07,NZD,24618.40,12833.85,29491,BUSINESS,New Zealand
473608,2022-03-07,NZD,6280.12,3273.90,90508,BUSINESS,Australia
475111,2022-03-07,VND,31615813.00,1049.96,30949,PERSONAL,Viet Nam
523212,2022-03-07,EUR,2000.00,1669.31,08517,PERSONAL,France
504931,2022-03-07,EUR,1807.00,1508.22,51687,PERSONAL,Belgium
474598,2022-03-07,GBP,1492.99,1492.99,70036,PERSONAL,United Kingdom
351727,2022-03-16,INR,303655.27,3021.74,42205,PERSONAL,United States of America
358323,2022-03-16,GBP,2960.72,2960.72,29979,PERSONAL,United Kingdom
346076,2022-03-16,EUR,1837.63,1533.79,22127,PERSONAL,Germany
345742,2022-03-16,INR,243500.00,2423.12,22698,BUSINESS,United States of America
351047,2022-03-16,INR,265466.35,2641.71,27956,BUSINESS,United States of America
359156,2022-03-16,USD,2981.76,2263.72,81961,PERSONAL,United Kingdom
345608,2022-03-16,INR,242328.35,2411.46,24395,BUSINESS,United States of America
345483,2022-03-16,INR,222574.40,2214.88,25112,PERSONAL,Denmark
349468,2022-03-16,EUR,4000.00,3338.62,92819,PERSONAL,Thailand
358946,2022-03-16,EUR,1871.07,1561.70,42160,PERSONAL,Netherlands
351356,2022-03-16,INR,378665.27,3768.18,37348,PERSONAL,United States of America
350441,2022-03-16,INR,320000.00,3184.39,22778,PERSONAL,Ireland
352525,2022-03-16,EUR,2000.00,1669.31,08591,PERSONAL,Thailand
350697,2022-03-16,INR,100879.05,1003.87,14502,PERSONAL,Canada
350963,2022-03-16,INR,208664.81,2076.47,48440,PERSONAL,United States of America
361009,2022-03-16,PLN,6699.65,1173.93,25849,PERSONAL,Poland
361636,2022-03-16,JPY,991368.00,6366.33,82116,BUSINESS,Japan
346043,2022-03-16,INR,225830.95,2247.29,82677,PERSONAL,United States of America
351728,2022-03-16,INR,303655.27,3021.74,42205,PERSONAL,United States of America
345719,2022-03-16,INR,270000.00,2686.83,68137,BUSINESS,United States of America
351470,2022-03-16,INR,1137753.61,11322.03,30949,PERSONAL,United States of America
360061,2022-03-16,USD,1749.63,1328.30,83223,PERSONAL,United States of America
358134,2022-03-16,EUR,1900.00,1585.85,75289,PERSONAL,Belgium
345853,2022-03-16,INR,227562.71,2264.52,53996,PERSONAL,United States of America
359391,2022-03-16,CHF,2103.10,1717.47,06801,PERSONAL,Switzerland
353063,2022-03-15,BGN,4000.00,1707.52,70554,PERSONAL,Canada
348438,2022-03-16,EUR,1533.33,1279.80,82422,BUSINESS,United States of America
350654,2022-03-16,INR,201074.78,2000.94,00372,PERSONAL,India
351379,2022-03-16,INR,227729.22,2266.18,26286,PERSONAL,United States of America
359689,2022-03-16,USD,1973.90,1498.57,68424,PERSONAL,United States of America
357270,2022-03-16,GBP,1519.05,1519.05,10641,PERSONAL,United Kingdom
352132,2022-03-16,INR,116757.30,1161.88,73981,PERSONAL,Czech Republic
360546,2022-03-16,TRY,69989.64,3633.18,57914,PERSONAL,Turkey
345285,2022-03-16,INR,3200000.00,31843.88,75303,PERSONAL,Australia
346039,2022-03-16,INR,500000.00,4975.61,36006,PERSONAL,Australia
347353,2022-03-16,EUR,12500.00,10433.20,31965,BUSINESS,Greece
350579,2022-03-16,INR,300000.00,2985.36,82495,PERSONAL,Australia
064232,2022-03-16,EUR,1279.00,1067.52,06559,BUSINESS,Estonia
410123,2022-03-04,EUR,35286.63,29452.18,42292,PERSONAL,Brazil
411770,2022-03-04,GBP,1140.00,1140.00,08348,PERSONAL,Spain
403149,2022-03-04,EUR,2975.00,2483.10,96512,BUSINESS,Germany
372659,2022-03-04,EUR,31234.36,26069.93,34466,BUSINESS,United Kingdom
399780,2022-03-04,CHF,5000.00,4083.19,93286,PERSONAL,France
407603,2022-03-04,RON,5936.65,1001.64,30011,PERSONAL,United Kingdom
384397,2022-03-04,GBP,2000.00,2000.00,29769,BUSINESS,United Kingdom
372930,2022-03-04,SEK,214876.72,16980.90,55292,PERSONAL,Sweden
398305,2022-03-04,CAD,6046.89,3625.10,37260,BUSINESS,United States of America
397289,2022-03-04,USD,4978.61,3779.71,27374,PERSONAL,Kenya
390565,2022-03-04,GBP,2000.00,2000.00,59043,BUSINESS,United Kingdom
393707,2022-03-04,GBP,1985.13,1985.13,20682,PERSONAL,United Kingdom
398870,2022-03-04,CAD,8550.00,5125.72,51988,BUSINESS,United Kingdom
398024,2022-03-04,CAD,6000.00,3596.99,48755,PERSONAL,France
358821,2022-03-04,EUR,20950.01,17486.04,07292,PERSONAL,United Kingdom
398092,2022-03-04,AUD,1990.13,1113.67,84521,PERSONAL,Australia
194930,2022-03-04,INR,201489.57,2005.07,12261,PERSONAL,Australia
196743,2022-03-04,HKD,59681.56,5792.17,27600,PERSONAL,"Hong Kong, Special Administrative Region of China"
191620,2022-03-04,NZD,22218.34,11582.67,05791,PERSONAL,New Zealand
200878,2022-03-04,JPY,493800.00,3171.07,45985,PERSONAL,Japan
194896,2022-03-04,INR,205211.93,2042.11,62026,PERSONAL,Switzerland
194932,2022-03-04,INR,556262.26,5535.48,70896,PERSONAL,Australia
199156,2022-03-04,EUR,1700.00,1418.91,22935,BUSINESS,Latvia
195005,2022-03-04,INR,223557.58,2224.67,63586,PERSONAL,United States of America
196678,2022-03-04,HKD,60000.00,5823.07,27600,PERSONAL,"Hong Kong, Special Administrative Region of China"
192224,2022-03-04,SGD,1869.75,1044.30,08272,PERSONAL,Singapore
194902,2022-03-04,INR,302822.71,3013.45,51705,PERSONAL,United Kingdom
194620,2022-03-04,INR,470368.38,4680.74,40312,PERSONAL,Australia
197580,2022-03-04,GBP,4750.00,4750.00,49015,BUSINESS,Australia
201043,2022-03-04,USD,4400.40,3340.74,97820,BUSINESS,Canada
196677,2022-03-04,HKD,130895.10,12703.52,04257,BUSINESS,"Hong Kong, Special Administrative Region of China"
194942,2022-03-04,INR,1131242.40,11257.23,39214,BUSINESS,United States of America
195336,2022-03-04,INR,542293.77,5396.48,05962,PERSONAL,Australia
195506,2022-03-04,INR,386185.40,3843.01,30602,BUSINESS,Australia
194669,2022-03-04,INR,358710.30,3569.60,23862,BUSINESS,Canada
194702,2022-03-04,INR,220707.75,2196.31,69856,PERSONAL,India
194852,2022-03-04,INR,314962.02,3134.25,17165,PERSONAL,United States of America
194786,2022-03-04,INR,653966.65,6507.76,17995,PERSONAL,Japan
192372,2022-03-04,EUR,1506.15,1257.12,85341,PERSONAL,Romania
194740,2022-03-04,INR,300000.00,2985.36,78224,PERSONAL,Australia
194634,2022-03-04,INR,203677.67,2026.84,10495,BUSINESS,United States of America
192792,2022-03-04,VND,33363568.00,1108.00,90278,PERSONAL,Australia
198993,2022-03-04,JPY,175468.00,1126.81,78497,BUSINESS,Japan
194796,2022-03-04,INR,202437.38,2014.50,44976,PERSONAL,United Kingdom
194652,2022-03-04,INR,421000.00,4189.46,43846,BUSINESS,Germany
191672,2022-03-04,NZD,131399.13,68499.84,96629,BUSINESS,New Zealand
195374,2022-03-04,INR,202120.85,2011.35,58277,BUSINESS,United Kingdom
879331,2022-03-04,AUD,2885.29,1614.60,23733,PERSONAL,Australia
890412,2022-03-04,IDR,22069209.00,1167.95,21033,PERSONAL,Indonesia
883416,2022-03-03,CZK,103537.07,3450.06,96196,PERSONAL,Czech Republic
883630,2022-03-03,CZK,250000.00,8330.51,93488,PRIVATE,Czech Republic
883804,2022-03-04,SGD,3136.63,1751.88,23863,BUSINESS,Singapore
886331,2022-03-04,THB,47600.00,1087.80,80461,BUSINESS,Singapore
883612,2022-03-03,CZK,500000.00,16661.01,02460,PERSONAL,Czech Republic
879643,2022-03-04,USD,2000.00,1518.38,84330,PERSONAL,United States of America
888082,2022-03-04,CAD,4573.33,2741.71,92813,PERSONAL,Canada
883806,2022-03-04,GBP,1100.00,1100.00,07830,PERSONAL,United Kingdom
606695,2022-03-04,EUR,3475.00,2900.43,92969,PERSONAL,Iceland
546475,2022-03-04,EUR,1201.63,1002.95,30269,PERSONAL,Germany
195356,2022-03-04,INR,226299.41,2251.95,91951,PERSONAL,United States of America
399065,2022-03-16,EUR,8444.00,7047.83,37360,BUSINESS,United States of America
393169,2022-03-16,EUR,90747.64,75743.03,43286,BUSINESS,United Kingdom
395345,2022-03-16,EUR,30000.00,25039.67,10329,BUSINESS,France
405234,2022-03-16,EUR,5203.45,4343.09,56365,BUSINESS,Estonia
404512,2022-03-16,AUD,4399.26,2461.82,34577,PERSONAL,Singapore
400826,2022-03-16,GBP,16748.91,16748.91,67383,PERSONAL,United Kingdom
393571,2022-03-16,EUR,1744.41,1455.98,28653,BUSINESS,France
394681,2022-03-16,GBP,4982.36,4982.36,90201,PERSONAL,Belgium
408047,2022-03-16,GBP,20953.67,20953.67,55656,PERSONAL,United Kingdom
404683,2022-03-16,EUR,6646.60,5547.62,35434,BUSINESS,Switzerland
400252,2022-03-16,EUR,2000.00,1669.31,72841,PERSONAL,Viet Nam
395667,2022-03-16,EUR,5000.00,4173.28,91869,BUSINESS,Andorra
399971,2022-03-16,EUR,2890.00,2412.15,47104,PERSONAL,United Kingdom
407732,2022-03-16,EUR,1460.00,1218.60,26919,PERSONAL,Spain
409054,2022-03-16,EUR,1361.31,1136.23,98959,BUSINESS,United Kingdom
407202,2022-03-16,EUR,6763.31,5645.03,63748,BUSINESS,United Kingdom
407912,2022-03-16,EUR,2670.40,2228.86,80694,BUSINESS,United Kingdom
389329,2022-03-16,GBP,8777.99,8777.99,97455,BUSINESS,United Kingdom
401785,2022-03-16,EUR,1640.00,1368.84,78781,PERSONAL,France
400909,2022-03-16,GBP,10036.63,10036.63,67532,PERSONAL,United Kingdom
408352,2022-03-16,USD,12125.00,9205.18,98965,BUSINESS,France
389070,2022-03-16,EUR,4000.00,3338.62,68423,PERSONAL,Italy
409526,2022-03-16,GBP,1282.00,1282.00,42588,BUSINESS,United Kingdom
403361,2022-03-16,EUR,9377.88,7827.30,26953,PERSONAL,Germany
401552,2022-03-16,EUR,15500.89,12937.90,94618,PERSONAL,Ireland
408351,2022-03-16,USD,12125.00,9205.18,98965,BUSINESS,France
394727,2022-03-16,EUR,2000.00,1669.31,88791,BUSINESS,Ireland
397919,2022-03-16,EUR,1734.96,1448.09,97041,BUSINESS,Netherlands
393759,2022-03-16,EUR,1800.00,1502.38,29427,PERSONAL,Philippines
409624,2022-03-16,EUR,11820.00,9865.63,33126,BUSINESS,Estonia
412251,2022-03-16,EUR,1210.00,1009.93,52519,BUSINESS,Spain
408947,2022-03-16,EUR,2000.00,1669.31,53068,PERSONAL,France
408142,2022-03-16,EUR,62597.98,52247.76,38228,BUSINESS,Netherlands
409236,2022-03-16,EUR,2500.00,2086.64,92190,BUSINESS,Singapore
407893,2022-03-16,GBP,3359.41,3359.41,35701,PERSONAL,United Kingdom
401545,2022-03-16,EUR,4000.00,3338.62,69879,PERSONAL,Germany
414803,2022-03-16,EUR,3424.08,2857.93,82522,PERSONAL,Germany
405252,2022-03-16,EUR,7999.91,6677.17,51203,PERSONAL,Norway
394964,2022-03-16,EUR,65700.00,54836.87,64462,PERSONAL,United States of America
397278,2022-03-16,EUR,20000.00,16693.11,28930,PERSONAL,Belgium
414958,2022-03-16,EUR,42861.67,35774.73,71639,BUSINESS,Italy
263287,2022-03-01,HKD,14051.78,1363.74,70698,PERSONAL,"Hong Kong, Special Administrative Region of China"
413321,2022-03-16,EUR,3983.67,3324.99,39623,BUSINESS,Switzerland
400841,2022-03-16,EUR,498753.12,416287.09,89218,BUSINESS,United Kingdom
400842,2022-03-16,EUR,1246.88,1040.72,89218,BUSINESS,United Kingdom
397925,2022-03-16,EUR,1991.83,1662.49,92766,PERSONAL,Germany
409899,2022-03-16,GBP,29288.38,29288.38,43663,PERSONAL,United Kingdom
412369,2022-03-16,EUR,5079.18,4239.37,55261,BUSINESS,United Kingdom
394369,2022-03-16,USD,3134.97,2380.04,07010,PERSONAL,Estonia
420790,2022-03-16,GBP,14435.48,14435.48,90082,PERSONAL,Spain
392433,2022-03-16,USD,14949.70,11349.67,86953,PERSONAL,Ireland
419238,2022-03-16,BRL,19576.53,2975.99,93177,PERSONAL,Brazil
412063,2022-03-16,EUR,1991.83,1662.49,89688,PERSONAL,United Kingdom
417410,2022-03-16,EUR,2550.00,2128.37,26274,PERSONAL,France
403563,2022-03-16,EUR,3835.54,3201.36,21664,BUSINESS,Ireland
403541,2022-03-16,EUR,8100.00,6760.71,12188,BUSINESS,France
411717,2022-03-16,EUR,1440.00,1201.90,26227,BUSINESS,United Kingdom
399358,2022-03-16,EUR,2120.00,1769.47,46068,PERSONAL,Sweden
393752,2022-03-16,EUR,6450.00,5383.53,17963,BUSINESS,United States of America
414142,2022-03-16,USD,1991.22,1511.71,67573,PERSONAL,United States of America
400859,2022-03-16,EUR,1775.88,1482.25,22243,PERSONAL,France
411418,2022-03-16,EUR,1657.63,1383.55,88126,PERSONAL,Spain
417701,2022-03-16,GBP,1714.80,1714.80,06351,BUSINESS,United Kingdom
408128,2022-03-16,EUR,4553.28,3800.42,24792,BUSINESS,United Kingdom
411361,2022-03-16,EUR,5000.28,4173.51,54343,PERSONAL,Spain
405758,2022-03-16,EUR,5040.00,4206.66,19640,PERSONAL,Germany
414848,2022-03-16,EUR,10000.00,8346.56,87654,PERSONAL,United Kingdom
407534,2022-03-16,EUR,2000.00,1669.31,53068,PERSONAL,France
390423,2022-03-16,GBP,1000.00,1000.00,91262,PERSONAL,United Kingdom
411128,2022-03-16,EUR,2400.00,2003.17,65187,PERSONAL,Kenya
400932,2022-03-16,GBP,1500.00,1500.00,22384,PERSONAL,Germany
400448,2022-03-16,EUR,4480.00,3739.26,39325,BUSINESS,United Kingdom
404664,2022-03-16,EUR,3298.83,2753.39,08067,PERSONAL,France
411360,2022-03-16,EUR,2000.00,1669.31,28078,BUSINESS,Sweden
407148,2022-03-16,EUR,3069.17,2561.70,53992,BUSINESS,Poland
411011,2022-03-16,EUR,83000.00,69276.42,19224,BUSINESS,Germany
410060,2022-03-16,EUR,4286.32,3577.60,40046,BUSINESS,United Kingdom
388333,2022-03-16,GBP,1116.33,1116.33,87380,BUSINESS,United Kingdom
408353,2022-03-16,EUR,2670.40,2228.86,80694,BUSINESS,United Kingdom
393178,2022-03-16,EUR,4000.00,3338.62,68423,PERSONAL,Italy
415712,2022-03-16,EUR,17499.91,14606.40,19293,BUSINESS,Estonia
397906,2022-03-16,EUR,1500.00,1251.98,77272,PERSONAL,Estonia
407212,2022-03-16,EUR,10652.69,8891.33,90581,BUSINESS,Netherlands
407740,2022-03-16,EUR,40000.00,33386.22,92706,BUSINESS,Hungary
412102,2022-03-16,GBP,1490.00,1490.00,63796,PERSONAL,United Kingdom
396511,2022-03-16,EUR,2596.13,2166.87,10253,BUSINESS,Ireland
397064,2022-03-16,EUR,5000.00,4173.28,89650,PERSONAL,Ireland
402960,2022-03-16,EUR,8568.75,7151.96,95168,BUSINESS,United Kingdom
391287,2022-03-16,EUR,1500.00,1251.98,47459,PERSONAL,Luxembourg
421110,2022-03-16,SGD,2101.01,1173.46,27355,PERSONAL,Malaysia
393225,2022-03-16,GBP,1500.00,1500.00,54623,PERSONAL,United Kingdom
417166,2022-03-16,GBP,1020.82,1020.82,06351,BUSINESS,United Kingdom
415215,2022-03-16,EUR,4994.00,4168.27,54847,PERSONAL,United Kingdom
396623,2022-03-16,EUR,20000.00,16693.11,28930,PERSONAL,Belgium
404590,2022-03-16,EUR,3484.63,2908.47,77374,PERSONAL,Brazil
401238,2022-03-16,USD,37709.59,28628.75,23704,PERSONAL,United Kingdom
400771,2022-03-16,EUR,4480.00,3739.26,39325,BUSINESS,United Kingdom
407839,2022-03-16,USD,5000.00,3795.95,51991,PERSONAL,Pakistan
408965,2022-03-16,GBP,3500.00,3500.00,32111,BUSINESS,United Kingdom
388657,2022-03-16,GBP,8000.00,8000.00,21654,PERSONAL,United Kingdom
401734,2022-03-16,EUR,1401.00,1169.35,43764,PERSONAL,France
397110,2022-03-16,EUR,5000.00,4173.28,91869,BUSINESS,Andorra
394493,2022-03-16,USD,45000.00,34163.56,56796,BUSINESS,United Kingdom
403090,2022-03-16,EUR,16100.00,13437.96,63963,BUSINESS,Ireland
404160,2022-03-16,EUR,1200.00,1001.59,43620,PERSONAL,Estonia
415893,2022-03-16,EUR,20000.00,16693.11,71483,BUSINESS,United Kingdom
409187,2022-03-16,USD,11043.37,8384.02,44167,PRIVATE,United States of America
412903,2022-03-16,EUR,1361.32,1136.23,98252,BUSINESS,Netherlands
402999,2022-03-16,EUR,2503.00,2089.14,72415,PERSONAL,Germany
406513,2022-03-16,EUR,5500.00,4590.61,17155,PERSONAL,Spain
394158,2022-03-16,EUR,2499.75,2086.43,88467,BUSINESS,Lithuania
394193,2022-03-16,EUR,10000.00,8346.56,26287,PERSONAL,United Kingdom
410082,2022-03-16,EUR,1380.00,1151.82,83380,BUSINESS,Spain
393645,2022-03-16,EUR,4750.59,3965.11,35693,PERSONAL,United Kingdom
408299,2022-03-16,EUR,3635.54,3034.42,51301,BUSINESS,Netherlands
395607,2022-03-16,EUR,2000.00,1669.31,97249,PERSONAL,United Kingdom
393230,2022-03-16,GBP,1116.01,1116.01,87380,BUSINESS,United Kingdom
416524,2022-03-16,EUR,18045.00,15061.36,98878,BUSINESS,Portugal
417672,2022-03-16,EUR,9635.78,8042.56,20742,BUSINESS,United Kingdom
416509,2022-03-16,EUR,10000.00,8346.56,48984,BUSINESS,United States of America
402821,2022-03-16,EUR,10000.00,8346.56,65066,PERSONAL,Algeria
419858,2022-03-16,EUR,3000.00,2503.97,51420,BUSINESS,France
395842,2022-03-16,EUR,30000.00,25039.67,10329,BUSINESS,France
408050,2022-03-16,EUR,3555.62,2967.72,74556,BUSINESS,Canada
408358,2022-03-16,EUR,13026.92,10872.99,60281,BUSINESS,Ireland
408245,2022-03-16,EUR,1550.00,1293.72,11981,PERSONAL,Italy
421498,2022-03-16,EUR,2680.00,2236.88,68177,BUSINESS,Bulgaria
415169,2022-03-16,EUR,12800.00,10683.59,21806,PERSONAL,France
403677,2022-03-16,GBP,1000.00,1000.00,82771,PERSONAL,United Kingdom
402996,2022-03-16,EUR,2503.00,2089.14,72415,PERSONAL,Germany
391812,2022-03-16,GBP,2500.00,2500.00,14236,PERSONAL,United Kingdom
416922,2022-03-16,EUR,6000.00,5007.93,56073,PERSONAL,Germany
406526,2022-03-16,GBP,16797.43,16797.43,29077,BUSINESS,United Kingdom
401229,2022-03-16,EUR,1415.00,1181.04,94816,PERSONAL,Latvia
399771,2022-03-16,EUR,2310.88,1928.79,01494,PERSONAL,Belgium
401556,2022-03-16,EUR,1551.05,1294.59,37519,PERSONAL,Germany
393508,2022-03-16,EUR,19181.97,16010.34,07957,BUSINESS,Germany
397855,2022-03-16,EUR,1850.00,1544.11,16365,PERSONAL,Spain
404918,2022-03-16,GBP,3115.57,3115.57,19544,BUSINESS,United Kingdom
394821,2022-03-16,EUR,2800.00,2337.04,61749,PERSONAL,United Kingdom
397657,2022-03-16,EUR,3936.89,3285.95,53548,PERSONAL,United Kingdom
406088,2022-03-16,EUR,1457.63,1216.62,71404,PRIVATE,France
413706,2022-03-16,EUR,3000.00,2503.97,85419,BUSINESS,United Kingdom
407872,2022-03-16,EUR,1700.00,1418.91,92260,BUSINESS,Malta
407625,2022-03-16,EUR,13900.00,11601.71,39068,BUSINESS,Estonia
407822,2022-03-16,EUR,1250.00,1043.32,76846,PERSONAL,Spain
417170,2022-03-16,GBP,1790.00,1790.00,06351,BUSINESS,United Kingdom
406021,2022-03-16,EUR,3400.00,2837.83,31154,PERSONAL,Germany
419833,2022-03-16,EUR,6913.59,5770.47,60286,BUSINESS,United Kingdom
414004,2022-03-16,EUR,9500.00,7929.23,62742,PERSONAL,Switzerland
401407,2022-03-16,EUR,1800.00,1502.38,12908,PERSONAL,United Kingdom
417691,2022-03-16,GBP,1000.00,1000.00,06351,BUSINESS,United Kingdom
403580,2022-03-16,EUR,2868.13,2393.90,37009,BUSINESS,Malta
410187,2022-03-16,EUR,3120.00,2604.13,02828,BUSINESS,Estonia
408926,2022-03-16,EUR,10000.00,8346.56,88078,BUSINESS,United Kingdom
396612,2022-03-16,EUR,3000.00,2503.97,62998,PERSONAL,Brazil
395664,2022-03-16,EUR,17500.00,14606.47,62961,BUSINESS,United Kingdom
416534,2022-03-16,EUR,12326.31,10288.22,47598,PERSONAL,France
397033,2022-03-16,EUR,1416.24,1182.07,11374,PERSONAL,United Kingdom
410114,2022-03-16,GBP,1503.71,1503.71,12908,PERSONAL,United Kingdom
413976,2022-03-16,EUR,2066.25,1724.61,45182,BUSINESS,United Kingdom
407205,2022-03-16,EUR,3500.00,2921.29,61741,BUSINESS,United Kingdom
401846,2022-03-16,EUR,8444.00,7047.83,37360,BUSINESS,United States of America
394405,2022-03-16,EUR,2101.39,1753.94,36455,PERSONAL,Belgium
412175,2022-03-16,EUR,1800.00,1502.38,12908,PERSONAL,United Kingdom
405661,2022-03-16,EUR,10000.00,8346.56,67482,PERSONAL,France
419446,2022-03-16,HUF,500000.00,1104.26,18939,PERSONAL,Hungary
410733,2022-03-16,EUR,4800.00,4006.35,44426,PERSONAL,Czech Republic
403156,2022-03-16,EUR,1813.05,1513.27,57353,PERSONAL,Germany
411168,2022-03-16,EUR,3500.00,2921.29,12269,BUSINESS,United Kingdom
403545,2022-03-16,EUR,10000.00,8346.56,02232,PERSONAL,United Kingdom
411237,2022-03-16,EUR,8100.00,6760.71,29774,BUSINESS,Ireland
407950,2022-03-16,GBP,3342.28,3342.28,76945,PERSONAL,United Kingdom
410912,2022-03-16,EUR,60000.00,50079.34,94058,BUSINESS,Marshall Islands
407621,2022-03-16,EUR,2400.00,2003.17,26171,PERSONAL,Ireland
401406,2022-03-16,EUR,1800.00,1502.38,12908,PERSONAL,United Kingdom
417177,2022-03-16,GBP,1794.00,1794.00,06351,BUSINESS,United Kingdom
391123,2022-03-16,USD,5895.86,4476.08,50039,PERSONAL,United States of America
402037,2022-03-16,GBP,1000.00,1000.00,39188,PERSONAL,Spain
408243,2022-03-16,GBP,1000.41,1000.41,02850,BUSINESS,United Kingdom
414260,2022-03-16,EUR,12800.00,10683.59,21806,PERSONAL,France
396401,2022-03-16,EUR,15000.00,12519.83,04751,BUSINESS,France
396171,2022-03-16,GBP,4000.32,4000.32,12701,BUSINESS,United Kingdom
392541,2022-03-16,SGD,3000.00,1675.57,75584,PERSONAL,Singapore
404530,2022-03-16,EUR,1280.63,1068.89,56547,BUSINESS,Ireland
404640,2022-03-16,EUR,2493.90,2081.55,44178,BUSINESS,United Kingdom
394907,2022-03-16,EUR,1989.34,1660.41,41383,PERSONAL,Germany
403253,2022-03-16,USD,2059.50,1563.55,28280,BUSINESS,United States of America
411238,2022-03-16,EUR,14500.00,12102.51,66874,PERSONAL,France
401508,2022-03-16,EUR,5186.99,4329.35,99606,BUSINESS,Ireland
399189,2022-03-16,EUR,2603.94,2173.39,17337,BUSINESS,Belgium
397135,2022-03-16,USD,1394.00,1058.31,27937,BUSINESS,United States of America
399554,2022-03-16,EUR,11680.07,9748.84,12949,BUSINESS,Hungary
401474,2022-03-16,EUR,37183.60,31035.50,61553,BUSINESS,Bulgaria
395856,2022-03-16,EUR,1960.00,1635.93,36720,PERSONAL,Spain
417014,2022-03-16,EUR,1230.71,1027.22,50997,PERSONAL,France
409204,2022-03-16,EUR,1340.00,1118.44,15949,BUSINESS,Slovenia
399357,2022-03-16,EUR,1251.63,1044.68,24350,BUSINESS,Japan
400722,2022-03-16,EUR,2362.05,1971.50,48019,PERSONAL,Dominican Republic
410063,2022-03-16,EUR,1408.75,1175.82,96857,BUSINESS,Netherlands
416531,2022-03-16,GBP,1000.00,1000.00,57615,PERSONAL,United Kingdom
404081,2022-03-16,EUR,5000.00,4173.28,31415,PERSONAL,Ireland
396354,2022-03-16,EUR,10756.80,8978.22,63337,BUSINESS,United Kingdom
410127,2022-03-16,EUR,2140.90,1786.91,08069,BUSINESS,Canada
407434,2022-03-16,EUR,138392.68,115510.23,72068,BUSINESS,Spain
405079,2022-03-16,EUR,2188.33,1826.50,52391,PERSONAL,Ireland
399708,2022-03-16,EUR,1500.00,1251.98,77272,PERSONAL,Estonia
395558,2022-03-16,EUR,5000.00,4173.28,97007,PERSONAL,Brazil
411757,2022-03-16,GBP,1511.57,1511.57,87380,BUSINESS,United Kingdom
406089,2022-03-16,GBP,3794.37,3794.37,01885,BUSINESS,United Kingdom
403078,2022-03-16,EUR,2400.00,2003.17,50479,BUSINESS,Spain
407819,2022-03-16,EUR,37014.89,30894.69,35384,BUSINESS,Spain
397653,2022-03-16,EUR,2000.00,1669.31,99099,BUSINESS,United Kingdom
404020,2022-03-16,EUR,16100.00,13437.96,63963,BUSINESS,Ireland
413988,2022-03-16,EUR,1200.00,1001.59,89696,PERSONAL,Spain
415544,2022-03-16,EUR,3000.00,2503.97,88957,BUSINESS,Ireland
412459,2022-03-16,GBP,2223.49,2223.49,83314,BUSINESS,United Kingdom
402019,2022-03-16,EUR,1500.00,1251.98,77272,PERSONAL,Estonia
414991,2022-03-16,EUR,10080.00,8413.33,26227,BUSINESS,United Kingdom
414471,2022-03-16,EUR,36533.01,30492.48,31441,PRIVATE,United States of America
411090,2022-03-16,EUR,2550.00,2128.37,24277,BUSINESS,Hungary
411116,2022-03-16,EUR,12662.37,10568.72,01264,BUSINESS,Austria
409410,2022-03-16,EUR,4925.00,4110.68,13007,BUSINESS,United States of America
404093,2022-03-16,EUR,3636.00,3034.81,79178,PERSONAL,United Kingdom
399689,2022-03-16,EUR,10524.49,8784.32,25475,BUSINESS,Netherlands
400366,2022-03-16,EUR,10524.49,8784.32,25475,BUSINESS,Netherlands
389253,2022-03-16,EUR,90747.64,75743.03,43286,BUSINESS,United Kingdom
411740,2022-03-16,EUR,2923.00,2439.70,47842,PERSONAL,Malaysia
409114,2022-03-16,GBP,2516.33,2516.33,25810,PERSONAL,Spain
408043,2022-03-16,EUR,7576.72,6323.95,75266,PERSONAL,Portugal
411111,2022-03-16,EUR,1401.00,1169.35,43764,PERSONAL,France
414273,2022-03-16,EUR,3424.08,2857.93,82522,PERSONAL,Germany
415487,2022-03-16,EUR,20000.00,16693.11,71483,BUSINESS,United Kingdom
407862,2022-03-16,EUR,1560.00,1302.06,84095,BUSINESS,Italy
421351,2022-03-16,EUR,7700.00,6426.85,62184,BUSINESS,Poland
400941,2022-03-16,GBP,41798.21,41798.21,24230,BUSINESS,United Kingdom
402635,2022-03-16,EUR,3200.00,2670.90,60817,BUSINESS,British Virgin Islands
395871,2022-03-16,EUR,4811.31,4015.79,84665,PERSONAL,United Kingdom
405815,2022-03-16,EUR,7307.95,6099.62,62425,BUSINESS,United Kingdom
402207,2022-03-16,EUR,44820.00,37409.26,03809,BUSINESS,United Kingdom
917320,2022-03-02,USD,52375.65,39763.08,24879,BUSINESS,United States of America
918810,2022-03-02,USD,2326.44,1766.21,78228,PERSONAL,United Kingdom
909333,2022-03-02,USD,1990.00,1510.79,35180,PERSONAL,United Kingdom
881111,2022-03-03,THB,250000.00,5713.21,19640,PERSONAL,Australia
885218,2022-03-03,USD,2016.93,1531.23,94385,BUSINESS,United States of America
445310,2022-03-02,EUR,56211.88,46917.56,33512,BUSINESS,Belgium
328365,2022-03-04,AUD,10000.00,5595.99,58499,PERSONAL,Australia
319037,2022-03-04,EUR,12500.00,10433.20,52550,PERSONAL,Germany
142289,2022-03-15,USD,15848.00,12031.65,92408,BUSINESS,France
814042,2022-03-15,USD,16439.67,12480.84,60771,BUSINESS,United States of America
474373,2022-03-17,USD,1700.00,1290.62,51644,PERSONAL,United States of America
448849,2022-03-17,BRL,7446.17,1131.96,31567,PERSONAL,United States of America
443916,2022-03-17,USD,1462.04,1109.97,31567,PERSONAL,United States of America
471606,2022-03-17,EUR,1719.09,1434.85,42440,PERSONAL,Peru
484160,2022-03-17,USD,1600.00,1214.70,42077,PERSONAL,Trinidad and Tobago
490101,2022-03-16,COP,5615363.90,1119.43,49583,PERSONAL,United States of America
483272,2022-03-17,USD,5480.73,4160.92,20447,PERSONAL,Canada
468385,2022-03-17,EUR,4000.00,3338.62,87099,PERSONAL,Netherlands
479752,2022-03-17,GBP,2430.69,2430.69,68427,PERSONAL,United Kingdom
503737,2022-03-17,USD,3300.00,2505.33,60662,BUSINESS,United Kingdom
678496,2022-03-17,GBP,1416.31,1416.31,87401,PERSONAL,United Kingdom
678504,2022-03-17,GBP,1444.70,1444.70,87401,PERSONAL,United Kingdom
489880,2022-03-10,GBP,8000.00,8000.00,05705,BUSINESS,United Kingdom
491922,2022-03-10,AUD,4000.00,2238.39,35529,PERSONAL,Australia
502164,2022-03-10,GBP,1200.00,1200.00,44337,PERSONAL,United Kingdom
510882,2022-03-10,USD,1400.00,1062.87,06757,PERSONAL,United Kingdom
516379,2022-03-10,USD,9676.52,7346.32,96529,BUSINESS,United States of America
513498,2022-03-10,AUD,10000.00,5595.99,52469,PRIVATE,Australia
519776,2022-03-10,USD,3303.03,2507.63,40943,BUSINESS,United States of America
490562,2022-03-10,BRL,12220.00,1857.67,56100,PERSONAL,France
483320,2022-03-10,EUR,7500.00,6259.92,08313,PERSONAL,United Kingdom
482120,2022-03-10,AUD,2000.00,1119.20,61754,PERSONAL,Australia
517723,2022-03-10,USD,3033.70,2303.16,49618,BUSINESS,United States of America
516947,2022-03-10,USD,4000.00,3036.76,95086,PERSONAL,Germany
505778,2022-03-10,GBP,1500.00,1500.00,14923,PERSONAL,France
519842,2022-03-10,USD,1337.20,1015.19,77677,PERSONAL,United States of America
396015,2022-03-05,USD,1935.35,1469.30,98778,PERSONAL,Germany
658814,2022-03-07,GBP,7568.46,7568.46,78308,BUSINESS,United Kingdom
520994,2022-03-10,GBP,3000.00,3000.00,25056,PERSONAL,United Kingdom
496379,2022-03-11,THB,48459.07,1107.43,59372,PERSONAL,Singapore
513453,2022-03-10,EUR,1436.38,1198.88,53980,PERSONAL,United Kingdom
506754,2022-03-10,EUR,1397.00,1166.01,02910,BUSINESS,United Kingdom
515612,2022-03-10,USD,2084.75,1582.72,29063,PERSONAL,United States of America
496853,2022-03-10,NOK,20000.00,1716.68,37954,PERSONAL,Norway
524427,2022-03-10,INR,200000.00,1990.24,03421,PERSONAL,Germany
514550,2022-03-10,AUD,2664.11,1490.83,28467,PERSONAL,Australia
083967,2022-03-17,EUR,1921.35,1603.67,83055,PERSONAL,Romania
092581,2022-03-17,AUD,2486.33,1391.35,49700,PERSONAL,Thailand
040977,2022-03-17,GBP,4171.30,4171.30,78358,BUSINESS,United Kingdom
251348,2022-03-17,USD,3809.79,2892.36,15147,PERSONAL,Canada
059933,2022-03-17,BRL,45000.00,6840.83,28001,PERSONAL,Brazil
069170,2022-03-17,GBP,2027.40,2027.40,66011,BUSINESS,United Kingdom
217719,2022-03-16,AUD,4000.00,2238.39,11255,PERSONAL,Greece
779511,2022-03-15,USD,2960.48,2247.57,18767,BUSINESS,United States of America
753501,2022-03-15,GBP,1200.00,1200.00,49631,PERSONAL,United Kingdom
779965,2022-03-16,USD,96000.00,72882.27,93266,PERSONAL,Netherlands
898093,2022-03-16,EUR,20300.00,16943.51,10991,BUSINESS,France
789896,2022-03-15,USD,1672.73,1269.92,88814,BUSINESS,United States of America
779659,2022-03-16,USD,1686.92,1280.69,51908,PERSONAL,Japan
807578,2022-03-15,GBP,1539.34,1539.34,67944,BUSINESS,United Kingdom
049503,2022-03-15,USD,1499.56,1138.45,47743,PERSONAL,Thailand
045447,2022-03-15,EUR,3328.91,2778.49,99986,PERSONAL,United Arab Emirates
887411,2022-03-14,GBP,1004.27,1004.27,88316,PERSONAL,United Kingdom
880482,2022-03-14,EUR,10740.00,8964.20,16671,PERSONAL,Poland
274886,2022-03-15,AUD,9932.00,5557.93,74621,BUSINESS,Australia
123685,2022-03-15,EUR,1500.00,1251.98,32359,PERSONAL,Germany
155020,2022-03-16,ZAR,40094.92,2029.66,05493,BUSINESS,France
149916,2022-03-15,GBP,4691.99,4691.99,90380,BUSINESS,United Kingdom
969805,2022-03-11,EUR,1775.08,1481.58,45118,PERSONAL,United Kingdom
106591,2022-03-07,GBP,1000.00,1000.00,70578,PERSONAL,United Kingdom
099830,2022-03-07,GBP,1003.00,1003.00,03426,PERSONAL,United Kingdom
569699,2022-03-05,GBP,4240.00,4240.00,54525,PRIVATE,United Kingdom
075069,2022-03-07,USD,8000.00,6073.52,54610,PERSONAL,United States of America
967503,2022-03-02,USD,3690.00,2801.41,29524,PERSONAL,United States of America
184549,2022-03-02,GBP,1492.43,1492.43,01989,PERSONAL,Thailand
938186,2022-03-02,GBP,2965.01,2965.01,89099,PERSONAL,United States of America
967465,2022-03-02,USD,10682.75,8110.24,94552,BUSINESS,United States of America
387366,2022-03-02,GBP,10000.00,10000.00,90744,PERSONAL,Portugal
961971,2022-03-04,USD,4000.00,3036.76,82446,PERSONAL,United States of America
983219,2022-03-04,USD,2352.75,1786.18,68542,PERSONAL,United States of America
986057,2022-03-04,USD,2450.00,1860.02,66385,PERSONAL,United States of America
987085,2022-03-04,USD,2000.00,1518.38,22134,PERSONAL,United States of America
981398,2022-03-04,USD,20000.00,15183.81,69659,PERSONAL,United States of America
155572,2022-03-08,USD,9869.86,7493.10,48638,PERSONAL,Canada
187448,2022-03-08,GBP,2551.95,2551.95,79726,BUSINESS,United Kingdom
197107,2022-03-08,USD,2556.46,1940.84,57323,BUSINESS,United Kingdom
158285,2022-03-08,USD,7985.48,6062.50,81234,BUSINESS,United States of America
