observation_date,market,sales_num,sales_value_gbp,day_of_week,week_of_month,transaction_month,fl_last_working_day,fl_first_working_day,fl_last_friday,fl_new_year
2017-01-01,GLOBAL,779,453330.6,0,1,1,0,0,0,1
2017-01-02,GLOBAL,1158,869178.32,1,2,1,0,1,0,0
2017-01-03,GLOBAL,1406,1169019.45,2,2,1,0,0,0,0
2017-01-04,GLOBAL,1484,1216797.41,3,2,1,0,0,0,0
2017-01-05,GLOBAL,1516,1265103.6,4,2,1,0,0,0,0
2017-01-06,GLOBAL,1575,1180701.29,5,2,1,0,0,0,0
2017-01-07,GLOBAL,1141,729372.45,6,2,1,0,0,0,0
2017-01-08,GLOBAL,963,612344.45,0,2,1,0,0,0,0
2017-01-09,GLOBAL,1359,1096448.06,1,3,1,0,0,0,0
2017-01-10,GLOBAL,1378,1154215.42,2,3,1,0,0,0,0
2017-01-11,GLOBAL,1374,1068012.3,3,3,1,0,0,0,0
2017-01-12,GLOBAL,1517,1427489.94,4,3,1,0,0,0,0
2017-01-13,GLOBAL,1647,1321768.36,5,3,1,0,0,0,0
2017-01-14,GLOBAL,1167,800579.38,6,3,1,0,0,0,0
2017-01-15,GLOBAL,994,686115.63,0,3,1,0,0,0,0
2017-01-16,GLOBAL,1325,1037203.86,1,4,1,0,0,0,0
2017-01-17,GLOBAL,1311,1021313.28,2,4,1,0,0,0,0
2017-01-18,GLOBAL,1398,1246050.58,3,4,1,0,0,0,0
2017-01-19,GLOBAL,1358,1090748.63,4,4,1,0,0,0,0
2017-01-20,GLOBAL,1543,1133928.21,5,4,1,0,0,0,0
2017-01-21,GLOBAL,1146,753225.94,6,4,1,0,0,0,0
2017-01-22,GLOBAL,927,609990.06,0,4,1,0,0,0,0
2017-01-23,GLOBAL,1290,1023465.24,1,5,1,0,0,0,0
2017-01-24,GLOBAL,1339,1109123.06,2,5,1,0,0,0,0
2017-01-25,GLOBAL,1573,1327705.56,3,5,1,0,0,0,0
2017-01-26,GLOBAL,1505,1161461.09,4,5,1,0,0,0,0
2017-01-27,GLOBAL,1730,1281200.06,5,5,1,0,0,1,0
2017-01-28,GLOBAL,1253,797515.37,6,5,1,0,0,0,0
2017-01-29,GLOBAL,1052,765151.67,0,5,1,0,0,0,0
2017-01-30,GLOBAL,1482,1207421.62,1,6,1,0,0,0,0
2017-01-31,GLOBAL,1772,1382194.57,2,6,1,1,0,0,0
2017-02-01,GLOBAL,1772,1437512.85,3,1,2,0,1,0,0
2017-02-02,GLOBAL,1726,1337258.17,4,1,2,0,0,0,0
2017-02-03,GLOBAL,1743,1192924.21,5,1,2,0,0,0,0
2017-02-04,GLOBAL,1282,812967.38,6,1,2,0,0,0,0
2017-02-05,GLOBAL,1054,667138.41,0,1,2,0,0,0,0
2017-02-06,GLOBAL,1403,1051882.53,1,2,2,0,0,0,0
2017-02-07,GLOBAL,1404,1065080.57,2,2,2,0,0,0,0
2017-02-08,GLOBAL,1426,1053223.49,3,2,2,0,0,0,0
2017-02-09,GLOBAL,1429,980661.01,4,2,2,0,0,0,0
2017-02-10,GLOBAL,1643,1102030.41,5,2,2,0,0,0,0
2017-02-11,GLOBAL,1222,698955.55,6,2,2,0,0,0,0
2017-02-12,GLOBAL,1020,619082.39,0,2,2,0,0,0,0
2017-02-13,GLOBAL,1448,1001398.62,1,3,2,0,0,0,0
2017-02-14,GLOBAL,1457,936169.12,2,3,2,0,0,0,0
2017-02-15,GLOBAL,1511,1097961.72,3,3,2,0,0,0,0
2017-02-16,GLOBAL,1498,1144243.68,4,3,2,0,0,0,0
2017-02-17,GLOBAL,1579,1030490.77,5,3,2,0,0,0,0
2017-02-18,GLOBAL,1157,673519.29,6,3,2,0,0,0,0
2017-02-19,GLOBAL,963,582629.22,0,3,2,0,0,0,0
2017-02-20,GLOBAL,1397,989671.92,1,4,2,0,0,0,0
2017-02-21,GLOBAL,1351,955726,2,4,2,0,0,0,0
2017-02-22,GLOBAL,1391,1029065.5,3,4,2,0,0,0,0
2017-02-23,GLOBAL,1458,1101554.68,4,4,2,0,0,0,0
2017-02-24,GLOBAL,1791,1264657.29,5,4,2,0,0,1,0
2017-02-25,GLOBAL,1251,771802.36,6,4,2,0,0,0,0
2017-02-26,GLOBAL,1062,699427.6,0,4,2,0,0,0,0
2017-02-27,GLOBAL,1596,1264069.81,1,5,2,0,0,0,0
2017-02-28,GLOBAL,1938,1553122.54,2,5,2,1,0,0,0
2017-03-01,GLOBAL,1949,1555089.73,3,1,3,0,1,0,0
2017-03-02,GLOBAL,1815,1397618.41,4,1,3,0,0,0,0
2017-03-03,GLOBAL,1844,1241326.79,5,1,3,0,0,0,0
2017-03-04,GLOBAL,1357,825803.43,6,1,3,0,0,0,0
2017-03-05,GLOBAL,1102,686217.7,0,1,3,0,0,0,0
2017-03-06,GLOBAL,1465,1131469.19,1,2,3,0,0,0,0
2017-03-07,GLOBAL,1470,1079248.7,2,2,3,0,0,0,0
2017-03-08,GLOBAL,1482,1065890.31,3,2,3,0,0,0,0
2017-03-09,GLOBAL,1503,1066054.19,4,2,3,0,0,0,0
2017-03-10,GLOBAL,1739,1205660.71,5,2,3,0,0,0,0
2017-03-11,GLOBAL,1213,695953.59,6,2,3,0,0,0,0
2017-03-12,GLOBAL,994,610833.42,0,2,3,0,0,0,0
2017-03-13,GLOBAL,1401,1021640.99,1,3,3,0,0,0,0
2017-03-14,GLOBAL,1445,1123233.54,2,3,3,0,0,0,0
2017-03-15,GLOBAL,1597,1227616.62,3,3,3,0,0,0,0
2017-03-16,GLOBAL,1583,1192538.75,4,3,3,0,0,0,0
2017-03-17,GLOBAL,1698,1085068,5,3,3,0,0,0,0
2017-03-18,GLOBAL,1219,697802.88,6,3,3,0,0,0,0
2017-03-19,GLOBAL,1017,607938.68,0,3,3,0,0,0,0
2017-03-20,GLOBAL,1468,1183722.35,1,4,3,0,0,0,0
2017-03-21,GLOBAL,1414,1106170.54,2,4,3,0,0,0,0
2017-03-22,GLOBAL,1450,1082070.67,3,4,3,0,0,0,0
2017-03-23,GLOBAL,1493,1087630,4,4,3,0,0,0,0
2017-03-24,GLOBAL,1863,1246822.22,5,4,3,0,0,0,0
2017-03-25,GLOBAL,1294,768908.25,6,4,3,0,0,0,0
2017-03-26,GLOBAL,1087,674901.43,0,4,3,0,0,0,0
2017-03-27,GLOBAL,1559,1242449.6,1,5,3,0,0,0,0
2017-03-28,GLOBAL,1590,1227189.69,2,5,3,0,0,0,0
2017-03-29,GLOBAL,1630,1321030.86,3,5,3,0,0,0,0
2017-03-30,GLOBAL,1721,1302769.58,4,5,3,0,0,0,0
2017-03-31,GLOBAL,2163,1546801.15,5,5,3,1,0,1,0
2017-04-01,GLOBAL,1557,970278.69,6,1,4,0,0,0,0
2017-04-02,GLOBAL,1235,772432.08,0,1,4,0,0,0,0
2017-04-03,GLOBAL,1758,1395312.77,1,2,4,0,1,0,0
2017-04-04,GLOBAL,1645,1198660.46,2,2,4,0,0,0,0
2017-04-05,GLOBAL,1682,1248050.86,3,2,4,0,0,0,0
2017-04-06,GLOBAL,1642,1155096.6,4,2,4,0,0,0,0
2017-04-07,GLOBAL,1760,1129730.38,5,2,4,0,0,0,0
2017-04-08,GLOBAL,1241,700052.12,6,2,4,0,0,0,0
2017-04-09,GLOBAL,1011,571464.28,0,2,4,0,0,0,0
2017-04-10,GLOBAL,1534,1108575.4,1,3,4,0,0,0,0
2017-04-11,GLOBAL,1571,1075598.67,2,3,4,0,0,0,0
2017-04-12,GLOBAL,1682,1146225.82,3,3,4,0,0,0,0
2017-04-13,GLOBAL,1808,1189536.54,4,3,4,0,0,0,0
2017-04-14,GLOBAL,1444,833780.13,5,3,4,0,0,0,0
2017-04-15,GLOBAL,1216,632471.2,6,3,4,0,0,0,0
2017-04-16,GLOBAL,905,524787.22,0,3,4,0,0,0,0
2017-04-17,GLOBAL,1219,862054.78,1,4,4,0,0,0,0
2017-04-18,GLOBAL,1548,1180444.61,2,4,4,0,0,0,0
2017-04-19,GLOBAL,1601,1165849.77,3,4,4,0,0,0,0
2017-04-20,GLOBAL,1677,1204093.62,4,4,4,0,0,0,0
2017-04-21,GLOBAL,1708,1104730.2,5,4,4,0,0,0,0
2017-04-22,GLOBAL,1258,738636.78,6,4,4,0,0,0,0
2017-04-23,GLOBAL,1018,640553.89,0,4,4,0,0,0,0
2017-04-24,GLOBAL,1530,1198917.33,1,5,4,0,0,0,0
2017-04-25,GLOBAL,1604,1214817.51,2,5,4,0,0,0,0
2017-04-26,GLOBAL,1724,1349663.34,3,5,4,0,0,0,0
2017-04-27,GLOBAL,1824,1383834.71,4,5,4,0,0,0,0
2017-04-28,GLOBAL,2232,1536199.01,5,5,4,1,0,1,0
2017-04-29,GLOBAL,1548,947306.04,6,5,4,0,0,0,0
2017-04-30,GLOBAL,1233,746117.15,0,5,4,0,0,0,0
2017-05-01,GLOBAL,1680,1208998.01,1,2,5,0,1,0,0
2017-05-02,GLOBAL,1922,1553044.87,2,2,5,0,0,0,0
2017-05-03,GLOBAL,1839,1395008.14,3,2,5,0,0,0,0
2017-05-04,GLOBAL,1832,1288650.88,4,2,5,0,0,0,0
2017-05-05,GLOBAL,1929,1289657.62,5,2,5,0,0,0,0
2017-05-06,GLOBAL,1389,815791.36,6,2,5,0,0,0,0
2017-05-07,GLOBAL,1147,701912.78,0,2,5,0,0,0,0
2017-05-08,GLOBAL,1634,1185048.91,1,3,5,0,0,0,0
2017-05-09,GLOBAL,1580,1122412.52,2,3,5,0,0,0,0
2017-05-10,GLOBAL,1675,1170453.87,3,3,5,0,0,0,0
2017-05-11,GLOBAL,1681,1167338.29,4,3,5,0,0,0,0
2017-05-12,GLOBAL,1870,1180928.67,5,3,5,0,0,0,0
2017-05-13,GLOBAL,1456,770255.91,6,3,5,0,0,0,0
2017-05-14,GLOBAL,1280,676828.49,0,3,5,0,0,0,0
2017-05-15,GLOBAL,1634,1217412.53,1,4,5,0,0,0,0
2017-05-16,GLOBAL,1549,1120487.51,2,4,5,0,0,0,0
2017-05-17,GLOBAL,1556,1150892.5,3,4,5,0,0,0,0
2017-05-18,GLOBAL,1628,1148795.12,4,4,5,0,0,0,0
2017-05-19,GLOBAL,1823,1212489.38,5,4,5,0,0,0,0
2017-05-20,GLOBAL,1304,785558.94,6,4,5,0,0,0,0
2017-05-21,GLOBAL,1072,687580.29,0,4,5,0,0,0,0
2017-05-22,GLOBAL,1502,1128833.8,1,5,5,0,0,0,0
2017-05-23,GLOBAL,1509,1139451.13,2,5,5,0,0,0,0
2017-05-24,GLOBAL,1738,1240746.94,3,5,5,0,0,0,0
2017-05-25,GLOBAL,1767,1329078.29,4,5,5,0,0,0,0
2017-05-26,GLOBAL,2070,1384117.02,5,5,5,0,0,1,0
2017-05-27,GLOBAL,1437,832720.79,6,5,5,0,0,0,0
2017-05-28,GLOBAL,1181,743662.87,0,5,5,0,0,0,0
2017-05-29,GLOBAL,1596,1216779.6,1,6,5,0,0,0,0
2017-05-30,GLOBAL,1750,1330018.99,2,6,5,0,0,0,0
2017-05-31,GLOBAL,2123,1668895.64,3,6,5,1,0,0,0
2017-06-01,GLOBAL,2125,1568817.92,4,1,6,0,1,0,0
2017-06-02,GLOBAL,2099,1412792.15,5,1,6,0,0,0,0
2017-06-03,GLOBAL,1519,915203.13,6,1,6,0,0,0,0
2017-06-04,GLOBAL,1213,725218.39,0,1,6,0,0,0,0
2017-06-05,GLOBAL,1672,1248103.73,1,2,6,0,0,0,0
2017-06-06,GLOBAL,1683,1288736.96,2,2,6,0,0,0,0
2017-06-07,GLOBAL,1758,1395041.23,3,2,6,0,0,0,0
2017-06-08,GLOBAL,1781,1395751.99,4,2,6,0,0,0,0
2017-06-09,GLOBAL,1934,1395047.48,5,2,6,0,0,0,0
2017-06-10,GLOBAL,1376,814449.11,6,2,6,0,0,0,0
2017-06-11,GLOBAL,1117,697193.7,0,2,6,0,0,0,0
2017-06-12,GLOBAL,1625,1251029.38,1,3,6,0,0,0,0
2017-06-13,GLOBAL,1636,1235861.72,2,3,6,0,0,0,0
2017-06-14,GLOBAL,1747,1356395.46,3,3,6,0,0,0,0
2017-06-15,GLOBAL,1900,1453596.07,4,3,6,0,0,0,0
2017-06-16,GLOBAL,2029,1408166.35,5,3,6,0,0,0,0
2017-06-17,GLOBAL,1478,892543.36,6,3,6,0,0,0,0
2017-06-18,GLOBAL,1251,745202.11,0,3,6,0,0,0,0
2017-06-19,GLOBAL,1674,1282248.06,1,4,6,0,0,0,0
2017-06-20,GLOBAL,1748,1282928.75,2,4,6,0,0,0,0
2017-06-21,GLOBAL,1779,1361994.18,3,4,6,0,0,0,0
2017-06-22,GLOBAL,1898,1357687.02,4,4,6,0,0,0,0
2017-06-23,GLOBAL,2159,1405809.29,5,4,6,0,0,0,0
2017-06-24,GLOBAL,1619,903424.5,6,4,6,0,0,0,0
2017-06-25,GLOBAL,1168,668045.51,0,4,6,0,0,0,0
2017-06-26,GLOBAL,1570,1168052.51,1,5,6,0,0,0,0
2017-06-27,GLOBAL,1704,1381727.57,2,5,6,0,0,0,0
2017-06-28,GLOBAL,1902,1603552.37,3,5,6,0,0,0,0
2017-06-29,GLOBAL,1963,1557422.66,4,5,6,0,0,0,0
2017-06-30,GLOBAL,2587,2008698.99,5,5,6,1,0,1,0
2017-07-01,GLOBAL,1763,1194281.79,6,1,7,0,0,0,0
2017-07-02,GLOBAL,1411,1000238.89,0,1,7,0,0,0,0
2017-07-03,GLOBAL,1946,1560119.53,1,2,7,0,1,0,0
2017-07-04,GLOBAL,1819,1412025.97,2,2,7,0,0,0,0
2017-07-05,GLOBAL,1844,1332785.03,3,2,7,0,0,0,0
2017-07-06,GLOBAL,1854,1432573.2,4,2,7,0,0,0,0
2017-07-07,GLOBAL,2036,1387781.32,5,2,7,0,0,0,0
2017-07-08,GLOBAL,1441,894410.7,6,2,7,0,0,0,0
2017-07-09,GLOBAL,1157,721250.62,0,2,7,0,0,0,0
2017-07-10,GLOBAL,1691,1250446.29,1,3,7,0,0,0,0
2017-07-11,GLOBAL,1634,1195478.74,2,3,7,0,0,0,0
2017-07-12,GLOBAL,1776,1369357.9,3,3,7,0,0,0,0
2017-07-13,GLOBAL,1805,1423427.97,4,3,7,0,0,0,0
2017-07-14,GLOBAL,2151,1630948.99,5,3,7,0,0,0,0
2017-07-15,GLOBAL,1557,1080327.9,6,3,7,0,0,0,0
2017-07-16,GLOBAL,1241,842228.62,0,3,7,0,0,0,0
2017-07-17,GLOBAL,1720,1425450.37,1,4,7,0,0,0,0
2017-07-18,GLOBAL,1708,1445308.35,2,4,7,0,0,0,0
2017-07-19,GLOBAL,1790,1477249.75,3,4,7,0,0,0,0
2017-07-20,GLOBAL,1896,1536627.83,4,4,7,0,0,0,0
2017-07-21,GLOBAL,1981,1396591.27,5,4,7,0,0,0,0
2017-07-22,GLOBAL,1377,873923.41,6,4,7,0,0,0,0
2017-07-23,GLOBAL,1140,751110.64,0,4,7,0,0,0,0
2017-07-24,GLOBAL,1668,1328770.91,1,5,7,0,0,0,0
2017-07-25,GLOBAL,1934,1544245.49,2,5,7,0,0,0,0
2017-07-26,GLOBAL,1924,1521860.14,3,5,7,0,0,0,0
2017-07-27,GLOBAL,2124,1904307.89,4,5,7,0,0,0,0
2017-07-28,GLOBAL,2262,1618572.01,5,5,7,0,0,1,0
2017-07-29,GLOBAL,1633,1095766.46,6,5,7,0,0,0,0
2017-07-30,GLOBAL,1350,912597.75,0,5,7,0,0,0,0
2017-07-31,GLOBAL,2228,1765007.84,1,6,7,1,0,0,0
2017-08-01,GLOBAL,2268,1897332.54,2,1,8,0,1,0,0
2017-08-02,GLOBAL,2132,1673512.18,3,1,8,0,0,0,0
2017-08-03,GLOBAL,2064,1553793.52,4,1,8,0,0,0,0
2017-08-04,GLOBAL,2203,1417066.4,5,1,8,0,0,0,0
2017-08-05,GLOBAL,1533,893659.3,6,1,8,0,0,0,0
2017-08-06,GLOBAL,1212,746889.46,0,1,8,0,0,0,0
2017-08-07,GLOBAL,1769,1286309.93,1,2,8,0,0,0,0
2017-08-08,GLOBAL,1701,1241307.16,2,2,8,0,0,0,0
2017-08-09,GLOBAL,1751,1334585.02,3,2,8,0,0,0,0
2017-08-10,GLOBAL,1853,1337308.25,4,2,8,0,0,0,0
2017-08-11,GLOBAL,2071,1372501.45,5,2,8,0,0,0,0
2017-08-12,GLOBAL,1485,887947.44,6,2,8,0,0,0,0
2017-08-13,GLOBAL,1209,750368.82,0,2,8,0,0,0,0
2017-08-14,GLOBAL,1763,1311388.98,1,3,8,0,0,0,0
2017-08-15,GLOBAL,1873,1361609.99,2,3,8,0,0,0,0
2017-08-16,GLOBAL,1868,1405069.83,3,3,8,0,0,0,0
2017-08-17,GLOBAL,1893,1434777.71,4,3,8,0,0,0,0
2017-08-18,GLOBAL,2138,1492165.41,5,3,8,0,0,0,0
2017-08-19,GLOBAL,1517,987617.76,6,3,8,0,0,0,0
2017-08-20,GLOBAL,1209,783652.14,0,3,8,0,0,0,0
2017-08-21,GLOBAL,1751,1327414.49,1,4,8,0,0,0,0
2017-08-22,GLOBAL,1754,1338967.58,2,4,8,0,0,0,0
2017-08-23,GLOBAL,1822,1409145.03,3,4,8,0,0,0,0
2017-08-24,GLOBAL,1885,1382784.75,4,4,8,0,0,0,0
2017-08-25,GLOBAL,2442,1739296.47,5,4,8,0,0,1,0
2017-08-26,GLOBAL,1651,1044145.29,6,4,8,0,0,0,0
2017-08-27,GLOBAL,1348,877502.8,0,4,8,0,0,0,0
2017-08-28,GLOBAL,1931,1503182.57,1,5,8,0,0,0,0
2017-08-29,GLOBAL,2077,1696667.02,2,5,8,0,0,0,0
2017-08-30,GLOBAL,2223,1708930.29,3,5,8,0,0,0,0
2017-08-31,GLOBAL,2629,1973862.93,4,5,8,1,0,0,0
2017-09-01,GLOBAL,2467,1694192.78,5,1,9,0,1,0,0
2017-09-02,GLOBAL,1740,1132428.81,6,1,9,0,0,0,0
2017-09-03,GLOBAL,1404,899440.77,0,1,9,0,0,0,0
2017-09-04,GLOBAL,1984,1500888.61,1,2,9,0,0,0,0
2017-09-05,GLOBAL,1952,1579270.9,2,2,9,0,0,0,0
2017-09-06,GLOBAL,2057,1819153.63,3,2,9,0,0,0,0
2017-09-07,GLOBAL,2102,1673062.72,4,2,9,0,0,0,0
2017-09-08,GLOBAL,2307,1663557.12,5,2,9,0,0,0,0
2017-09-09,GLOBAL,1583,1011624.32,6,2,9,0,0,0,0
2017-09-10,GLOBAL,1334,877190.12,0,2,9,0,0,0,0
2017-09-11,GLOBAL,1884,1496788.07,1,3,9,0,0,0,0
2017-09-12,GLOBAL,1882,1505685.19,2,3,9,0,0,0,0
2017-09-13,GLOBAL,1911,1420306.62,3,3,9,0,0,0,0
2017-09-14,GLOBAL,2019,1509892.47,4,3,9,0,0,0,0
2017-09-15,GLOBAL,2379,1678609.11,5,3,9,0,0,0,0
2017-09-16,GLOBAL,1686,1030861.57,6,3,9,0,0,0,0
2017-09-17,GLOBAL,1315,856085.6,0,3,9,0,0,0,0
2017-09-18,GLOBAL,1876,1459052.97,1,4,9,0,0,0,0
2017-09-19,GLOBAL,1834,1324531.61,2,4,9,0,0,0,0
2017-09-20,GLOBAL,2005,1633006.72,3,4,9,0,0,0,0
2017-09-21,GLOBAL,1931,1377699.77,4,4,9,0,0,0,0
2017-09-22,GLOBAL,2143,1462029.67,5,4,9,0,0,0,0
2017-09-23,GLOBAL,1590,931186.06,6,4,9,0,0,0,0
2017-09-24,GLOBAL,1280,795587.49,0,4,9,0,0,0,0
2017-09-25,GLOBAL,2020,1625561.78,1,5,9,0,0,0,0
2017-09-26,GLOBAL,1937,1384295.37,2,5,9,0,0,0,0
2017-09-27,GLOBAL,2081,1591350.06,3,5,9,0,0,0,0
2017-09-28,GLOBAL,2173,1626377.4,4,5,9,0,0,0,0
2017-09-29,GLOBAL,2692,1860746.1,5,5,9,1,0,1,0
2017-09-30,GLOBAL,1923,1165104.72,6,5,9,0,0,0,0
2017-10-01,GLOBAL,1618,1017858.15,0,1,10,0,0,0,0
2017-10-02,GLOBAL,2266,1711449.18,1,2,10,0,1,0,0
2017-10-03,GLOBAL,2156,1607765.9,2,2,10,0,0,0,0
2017-10-04,GLOBAL,2170,1686496.04,3,2,10,0,0,0,0
2017-10-05,GLOBAL,2150,1467490.64,4,2,10,0,0,0,0
2017-10-06,GLOBAL,2302,1526164.28,5,2,10,0,0,0,0
2017-10-07,GLOBAL,1642,913892.76,6,2,10,0,0,0,0
2017-10-08,GLOBAL,1326,794168.22,0,2,10,0,0,0,0
2017-10-09,GLOBAL,1868,1373115.49,1,3,10,0,0,0,0
2017-10-10,GLOBAL,1909,1404973.7,2,3,10,0,0,0,0
2017-10-11,GLOBAL,1970,1461384.83,3,3,10,0,0,0,0
2017-10-12,GLOBAL,2083,1535802.75,4,3,10,0,0,0,0
2017-10-13,GLOBAL,2349,1594788.59,5,3,10,0,0,0,0
2017-10-14,GLOBAL,1671,994774.49,6,3,10,0,0,0,0
2017-10-15,GLOBAL,1363,853397.04,0,3,10,0,0,0,0
2017-10-16,GLOBAL,1933,1485401.18,1,4,10,0,0,0,0
2017-10-17,GLOBAL,1863,1353466.68,2,4,10,0,0,0,0
2017-10-18,GLOBAL,1930,1344488.73,3,4,10,0,0,0,0
2017-10-19,GLOBAL,1933,1373182.51,4,4,10,0,0,0,0
2017-10-20,GLOBAL,2264,1423137.67,5,4,10,0,0,0,0
2017-10-21,GLOBAL,1591,895118.1,6,4,10,0,0,0,0
2017-10-22,GLOBAL,1299,743023.01,0,4,10,0,0,0,0
2017-10-23,GLOBAL,1821,1312104.73,1,5,10,0,0,0,0
2017-10-24,GLOBAL,1839,1307969.68,2,5,10,0,0,0,0
2017-10-25,GLOBAL,2116,1551035.62,3,5,10,0,0,0,0
2017-10-26,GLOBAL,2095,1498085.78,4,5,10,0,0,0,0
2017-10-27,GLOBAL,2366,1570053.31,5,5,10,0,0,1,0
2017-10-28,GLOBAL,1713,1015645.99,6,5,10,0,0,0,0
2017-10-29,GLOBAL,1428,859418.85,0,5,10,0,0,0,0
2017-10-30,GLOBAL,2118,1571969.23,1,6,10,0,0,0,0
2017-10-31,GLOBAL,2449,1862841.38,2,6,10,1,0,0,0
2017-11-01,GLOBAL,2391,1858334.63,3,1,11,0,1,0,0
2017-11-02,GLOBAL,2373,1814217.12,4,1,11,0,0,0,0
2017-11-03,GLOBAL,2471,1562800.34,5,1,11,0,0,0,0
2017-11-04,GLOBAL,1790,1061457.15,6,1,11,0,0,0,0
2017-11-05,GLOBAL,1420,880711.98,0,1,11,0,0,0,0
2017-11-06,GLOBAL,2007,1540209.73,1,2,11,0,0,0,0
2017-11-07,GLOBAL,1978,1450280.35,2,2,11,0,0,0,0
2017-11-08,GLOBAL,2051,1549344.57,3,2,11,0,0,0,0
2017-11-09,GLOBAL,2020,1496436.79,4,2,11,0,0,0,0
2017-11-10,GLOBAL,2340,1577084.52,5,2,11,0,0,0,0
2017-11-11,GLOBAL,1672,966967.48,6,2,11,0,0,0,0
2017-11-12,GLOBAL,1322,826246.81,0,2,11,0,0,0,0
2017-11-13,GLOBAL,1861,1386741.99,1,3,11,0,0,0,0
2017-11-14,GLOBAL,1914,1448294.02,2,3,11,0,0,0,0
2017-11-15,GLOBAL,2137,1641788.79,3,3,11,0,0,0,0
2017-11-16,GLOBAL,2053,1406921.31,4,3,11,0,0,0,0
2017-11-17,GLOBAL,2236,1427061.35,5,3,11,0,0,0,0
2017-11-18,GLOBAL,1622,921050.75,6,3,11,0,0,0,0
2017-11-19,GLOBAL,1325,785424.32,0,3,11,0,0,0,0
2017-11-20,GLOBAL,1927,1413453.22,1,4,11,0,0,0,0
2017-11-21,GLOBAL,1922,1387595.09,2,4,11,0,0,0,0
2017-11-22,GLOBAL,1962,1428901.74,3,4,11,0,0,0,0
2017-11-23,GLOBAL,2007,1469617.58,4,4,11,0,0,0,0
2017-11-24,GLOBAL,2331,1601685.24,5,4,11,0,0,1,0
2017-11-25,GLOBAL,1676,1057771.91,6,4,11,0,0,0,0
2017-11-26,GLOBAL,1406,932428.05,0,4,11,0,0,0,0
2017-11-27,GLOBAL,2020,1654998.06,1,5,11,0,0,0,0
2017-11-28,GLOBAL,2078,1503779.52,2,5,11,0,0,0,0
2017-11-29,GLOBAL,2178,1709934.97,3,5,11,0,0,0,0
2017-11-30,GLOBAL,2646,2044075.69,4,5,11,1,0,0,0
2017-12-01,GLOBAL,2794,2075849.24,5,1,12,0,1,0,0
2017-12-02,GLOBAL,2026,1330764.84,6,1,12,0,0,0,0
2017-12-03,GLOBAL,1602,1106091.6,0,1,12,0,0,0,0
2017-12-04,GLOBAL,2267,1842805.04,1,2,12,0,0,0,0
2017-12-05,GLOBAL,2211,1733182.55,2,2,12,0,0,0,0
2017-12-06,GLOBAL,2201,1575323.9,3,2,12,0,0,0,0
2017-12-07,GLOBAL,2156,1557679.56,4,2,12,0,0,0,0
2017-12-08,GLOBAL,2383,1626052.56,5,2,12,0,0,0,0
2017-12-09,GLOBAL,1678,1039073.45,6,2,12,0,0,0,0
2017-12-10,GLOBAL,1407,916332.48,0,2,12,0,0,0,0
2017-12-11,GLOBAL,2023,1560101.44,1,3,12,0,0,0,0
2017-12-12,GLOBAL,2078,1671568.04,2,3,12,0,0,0,0
2017-12-13,GLOBAL,2199,1646293.55,3,3,12,0,0,0,0
2017-12-14,GLOBAL,2348,1894940.8,4,3,12,0,0,0,0
2017-12-15,GLOBAL,2762,2027480.86,5,3,12,0,0,0,0
2017-12-16,GLOBAL,1946,1190389.21,6,3,12,0,0,0,0
2017-12-17,GLOBAL,1599,1023742.89,0,3,12,0,0,0,0
2017-12-18,GLOBAL,2442,1807003.56,1,4,12,0,0,0,0
2017-12-19,GLOBAL,2545,1922848.14,2,4,12,0,0,0,0
2017-12-20,GLOBAL,2963,2175544.24,3,4,12,0,0,0,0
2017-12-21,GLOBAL,3192,2052817.96,4,4,12,0,0,0,0
2017-12-22,GLOBAL,4351,2714226.04,5,4,12,0,0,0,0
2017-12-23,GLOBAL,3244,1656925.2,6,4,12,0,0,0,0
2017-12-24,GLOBAL,2074,894571.91,0,4,12,0,0,0,0
2017-12-25,GLOBAL,1430,699731.56,1,5,12,0,0,0,0
2017-12-26,GLOBAL,1463,1041762.34,2,5,12,0,0,0,0
2017-12-27,GLOBAL,2183,1802024.27,3,5,12,0,0,0,0
2017-12-28,GLOBAL,2396,1957423.18,4,5,12,0,0,0,0
2017-12-29,GLOBAL,3006,2155025.06,5,5,12,1,0,1,0
2017-12-30,GLOBAL,2282,1367656.82,6,5,12,0,0,0,0
2017-12-31,GLOBAL,1585,834444.46,0,5,12,0,0,0,0
2018-01-01,GLOBAL,1374,949684.44,1,2,1,0,0,0,1
2018-01-02,GLOBAL,2166,1818748.64,2,2,1,0,1,0,0
2018-01-03,GLOBAL,2306,1754462.7,3,2,1,0,0,0,0
2018-01-04,GLOBAL,2275,1805254.84,4,2,1,0,0,0,0
2018-01-05,GLOBAL,2500,1837570.93,5,2,1,0,0,0,0
2018-01-06,GLOBAL,1852,1224974.03,6,2,1,0,0,0,0
2018-01-07,GLOBAL,1519,970025.11,0,2,1,0,0,0,0
2018-01-08,GLOBAL,2123,1592729.2,1,3,1,0,0,0,0
2018-01-09,GLOBAL,2039,1552064.36,2,3,1,0,0,0,0
2018-01-10,GLOBAL,2151,1655051.26,3,3,1,0,0,0,0
2018-01-11,GLOBAL,2175,1766417.9,4,3,1,0,0,0,0
2018-01-12,GLOBAL,2606,1971597.35,5,3,1,0,0,0,0
2018-01-13,GLOBAL,1977,1383218.25,6,3,1,0,0,0,0
2018-01-14,GLOBAL,1523,1009591.86,0,3,1,0,0,0,0
2018-01-15,GLOBAL,2250,1802477.4,1,4,1,0,0,0,0
2018-01-16,GLOBAL,2173,1807568.41,2,4,1,0,0,0,0
2018-01-17,GLOBAL,2233,1932403.76,3,4,1,0,0,0,0
2018-01-18,GLOBAL,2222,1734355.34,4,4,1,0,0,0,0
2018-01-19,GLOBAL,2472,1810498.67,5,4,1,0,0,0,0
2018-01-20,GLOBAL,1873,1176080.34,6,4,1,0,0,0,0
2018-01-21,GLOBAL,1462,927755.79,0,4,1,0,0,0,0
2018-01-22,GLOBAL,2115,1685039.84,1,5,1,0,0,0,0
2018-01-23,GLOBAL,2102,1639756.82,2,5,1,0,0,0,0
2018-01-24,GLOBAL,2279,1902392.42,3,5,1,0,0,0,0
2018-01-25,GLOBAL,2627,2135774.19,4,5,1,0,0,0,0
2018-01-26,GLOBAL,2839,2139365,5,5,1,0,0,1,0
2018-01-27,GLOBAL,2025,1289438.92,6,5,1,0,0,0,0
2018-01-28,GLOBAL,1641,1093133.85,0,5,1,0,0,0,0
2018-01-29,GLOBAL,2308,1820959.81,1,6,1,0,0,0,0
2018-01-30,GLOBAL,2406,1965265.39,2,6,1,0,0,0,0
2018-01-31,GLOBAL,3010,2429164.43,3,6,1,1,0,0,0
2018-02-01,GLOBAL,2993,2389409.74,4,1,2,0,1,0,0
2018-02-02,GLOBAL,2971,2163147.65,5,1,2,0,0,0,0
2018-02-03,GLOBAL,2109,1230797.21,6,1,2,0,0,0,0
2018-02-04,GLOBAL,1706,1053101.11,0,1,2,0,0,0,0
2018-02-05,GLOBAL,2347,1687390.62,1,2,2,0,0,0,0
2018-02-06,GLOBAL,2249,1646078.57,2,2,2,0,0,0,0
2018-02-07,GLOBAL,2336,1804115.78,3,2,2,0,0,0,0
2018-02-08,GLOBAL,2312,1541667.83,4,2,2,0,0,0,0
2018-02-09,GLOBAL,2635,1769437.4,5,2,2,0,0,0,0
2018-02-10,GLOBAL,1908,1072188.52,6,2,2,0,0,0,0
2018-02-11,GLOBAL,1515,882571.48,0,2,2,0,0,0,0
2018-02-12,GLOBAL,2224,1567943.75,1,3,2,0,0,0,0
2018-02-13,GLOBAL,2270,1560617.93,2,3,2,0,0,0,0
2018-02-14,GLOBAL,2459,1643928.57,3,3,2,0,0,0,0
2018-02-15,GLOBAL,2595,2050195.6,4,3,2,0,0,0,0
2018-02-16,GLOBAL,2718,1947011.56,5,3,2,0,0,0,0
2018-02-17,GLOBAL,1943,1152895.3,6,3,2,0,0,0,0
2018-02-18,GLOBAL,1503,915365.22,0,3,2,0,0,0,0
2018-02-19,GLOBAL,2178,1578217.78,1,4,2,0,0,0,0
2018-02-20,GLOBAL,2234,1623073.33,2,4,2,0,0,0,0
2018-02-21,GLOBAL,2249,1451713.81,3,4,2,0,0,0,0
2018-02-22,GLOBAL,2360,1705097.24,4,4,2,0,0,0,0
2018-02-23,GLOBAL,2856,1959043.09,5,4,2,0,0,1,0
2018-02-24,GLOBAL,2024,1183786.25,6,4,2,0,0,0,0
2018-02-25,GLOBAL,1656,1000815.84,0,4,2,0,0,0,0
2018-02-26,GLOBAL,2466,1905882.09,1,5,2,0,0,0,0
2018-02-27,GLOBAL,2615,1993543.56,2,5,2,0,0,0,0
2018-02-28,GLOBAL,3316,2590895.34,3,5,2,1,0,0,0
2018-03-01,GLOBAL,3169,2380584.42,4,1,3,0,1,0,0
2018-03-02,GLOBAL,3266,2246577.52,5,1,3,0,0,0,0
2018-03-03,GLOBAL,2371,1488473.9,6,1,3,0,0,0,0
2018-03-04,GLOBAL,1846,1132682.84,0,1,3,0,0,0,0
2018-03-05,GLOBAL,2634,1961544.62,1,2,3,0,0,0,0
2018-03-06,GLOBAL,2514,1739732.54,2,2,3,0,0,0,0
2018-03-07,GLOBAL,2589,1967299.33,3,2,3,0,0,0,0
2018-03-08,GLOBAL,2584,1939230.25,4,2,3,0,0,0,0
2018-03-09,GLOBAL,2905,1929137.09,5,2,3,0,0,0,0
2018-03-10,GLOBAL,2174,1276028.6,6,2,3,0,0,0,0
2018-03-11,GLOBAL,1745,1066550.53,0,2,3,0,0,0,0
2018-03-12,GLOBAL,2450,1844450.63,1,3,3,0,0,0,0
2018-03-13,GLOBAL,2392,1548560.31,2,3,3,0,0,0,0
2018-03-14,GLOBAL,2555,1946603.27,3,3,3,0,0,0,0
2018-03-15,GLOBAL,2789,2044949.52,4,3,3,0,0,0,0
2018-03-16,GLOBAL,2915,1793639.93,5,3,3,0,0,0,0
2018-03-17,GLOBAL,2213,1178341.81,6,3,3,0,0,0,0
2018-03-18,GLOBAL,1711,983568.45,0,3,3,0,0,0,0
2018-03-19,GLOBAL,2363,1786921.94,1,4,3,0,0,0,0
2018-03-20,GLOBAL,2459,1869132.86,2,4,3,0,0,0,0
2018-03-21,GLOBAL,2490,1812176.29,3,4,3,0,0,0,0
2018-03-22,GLOBAL,2555,1975386.18,4,4,3,0,0,0,0
2018-03-23,GLOBAL,3047,2145977.82,5,4,3,0,0,0,0
2018-03-24,GLOBAL,2135,1262431.63,6,4,3,0,0,0,0
2018-03-25,GLOBAL,1726,1081033.83,0,4,3,0,0,0,0
2018-03-26,GLOBAL,2652,2015951.4,1,5,3,0,0,0,0
2018-03-27,GLOBAL,2742,2136444.83,2,5,3,0,0,0,0
2018-03-28,GLOBAL,3061,2142425.59,3,5,3,0,0,0,0
2018-03-29,GLOBAL,3360,2210613.5,4,5,3,0,0,0,0
2018-03-30,GLOBAL,2784,1578144.65,5,5,3,1,0,1,0
2018-03-31,GLOBAL,2308,1230239.74,6,5,3,0,0,0,0
2018-04-01,GLOBAL,1802,1002530.49,0,1,4,0,0,0,0
2018-04-02,GLOBAL,2392,1604295.35,1,2,4,0,1,0,0
2018-04-03,GLOBAL,3012,2332130.21,2,2,4,0,0,0,0
2018-04-04,GLOBAL,3006,2289339.93,3,2,4,0,0,0,0
2018-04-05,GLOBAL,3039,2325370.8,4,2,4,0,0,0,0
2018-04-06,GLOBAL,3153,2009679.48,5,2,4,0,0,0,0
2018-04-07,GLOBAL,2273,1366002.05,6,2,4,0,0,0,0
2018-04-08,GLOBAL,1769,1047013.26,0,2,4,0,0,0,0
2018-04-09,GLOBAL,2585,1807075.1,1,3,4,0,0,0,0
2018-04-10,GLOBAL,2723,2083442.61,2,3,4,0,0,0,0
2018-04-11,GLOBAL,2758,2186424.37,3,3,4,0,0,0,0
2018-04-12,GLOBAL,2862,2136564.47,4,3,4,0,0,0,0
2018-04-13,GLOBAL,3213,2320593.56,5,3,4,0,0,0,0
2018-04-14,GLOBAL,2305,1373545.7,6,3,4,0,0,0,0
2018-04-15,GLOBAL,1875,1182377.42,0,3,4,0,0,0,0
2018-04-16,GLOBAL,2660,1959835.74,1,4,4,0,0,0,0
2018-04-17,GLOBAL,2615,2009782.7,2,4,4,0,0,0,0
2018-04-18,GLOBAL,2629,1737922.74,3,4,4,0,0,0,0
2018-04-19,GLOBAL,2714,2004615.46,4,4,4,0,0,0,0
2018-04-20,GLOBAL,3034,1867856.54,5,4,4,0,0,0,0
2018-04-21,GLOBAL,2144,1209820.88,6,4,4,0,0,0,0
2018-04-22,GLOBAL,1708,980244.38,0,4,4,0,0,0,0
2018-04-23,GLOBAL,2427,1704756.28,1,5,4,0,0,0,0
2018-04-24,GLOBAL,2552,1789621.79,2,5,4,0,0,0,0
2018-04-25,GLOBAL,2735,2023652.44,3,5,4,0,0,0,0
2018-04-26,GLOBAL,2931,2158604.35,4,5,4,0,0,0,0
2018-04-27,GLOBAL,3331,2326028.3,5,5,4,0,0,1,0
2018-04-28,GLOBAL,2436,1483546.14,6,5,4,0,0,0,0
2018-04-29,GLOBAL,1984,1302933.34,0,5,4,0,0,0,0
2018-04-30,GLOBAL,3305,2609939.5,1,6,4,1,0,0,0
2018-05-01,GLOBAL,3078,2144886.41,2,1,5,0,1,0,0
2018-05-02,GLOBAL,3178,2466108.31,3,1,5,0,0,0,0
2018-05-03,GLOBAL,3097,2276157.7,4,1,5,0,0,0,0
2018-05-04,GLOBAL,3371,2370598.34,5,1,5,0,0,0,0
2018-05-05,GLOBAL,2380,1418052.81,6,1,5,0,0,0,0
2018-05-06,GLOBAL,1847,1119357.99,0,1,5,0,0,0,0
2018-05-07,GLOBAL,2599,1931911.75,1,2,5,0,0,0,0
2018-05-08,GLOBAL,2703,2020673.89,2,2,5,0,0,0,0
2018-05-09,GLOBAL,2841,2050391.52,3,2,5,0,0,0,0
2018-05-10,GLOBAL,2921,2101249.09,4,2,5,0,0,0,0
2018-05-11,GLOBAL,3309,2229034.6,5,2,5,0,0,0,0
2018-05-12,GLOBAL,2441,1416886.46,6,2,5,0,0,0,0
2018-05-13,GLOBAL,2036,1142154.8,0,2,5,0,0,0,0
2018-05-14,GLOBAL,2644,2029357.33,1,3,5,0,0,0,0
2018-05-15,GLOBAL,2926,2279110.36,2,3,5,0,0,0,0
2018-05-16,GLOBAL,2878,2188251.15,3,3,5,0,0,0,0
2018-05-17,GLOBAL,2769,1920571.41,4,3,5,0,0,0,0
2018-05-18,GLOBAL,3177,2170342.91,5,3,5,0,0,0,0
2018-05-19,GLOBAL,2177,1266520.39,6,3,5,0,0,0,0
2018-05-20,GLOBAL,1775,1097029.94,0,3,5,0,0,0,0
2018-05-21,GLOBAL,2554,1958203.36,1,4,5,0,0,0,0
2018-05-22,GLOBAL,2597,1980080.28,2,4,5,0,0,0,0
2018-05-23,GLOBAL,2649,1985260.59,3,4,5,0,0,0,0
2018-05-24,GLOBAL,2761,2161449.51,4,4,5,0,0,0,0
2018-05-25,GLOBAL,3494,2488647.64,5,4,5,0,0,1,0
2018-05-26,GLOBAL,2424,1434917.13,6,4,5,0,0,0,0
2018-05-27,GLOBAL,1911,1164152.4,0,4,5,0,0,0,0
2018-05-28,GLOBAL,2600,1975073.79,1,5,5,0,0,0,0
2018-05-29,GLOBAL,2728,2093153.19,2,5,5,0,0,0,0
2018-05-30,GLOBAL,3024,2403749.28,3,5,5,0,0,0,0
2018-05-31,GLOBAL,3522,2805084.38,4,5,5,1,0,0,0
2018-06-01,GLOBAL,3877,2808758.66,5,1,6,0,1,0,0
2018-06-02,GLOBAL,2729,1724545.36,6,1,6,0,0,0,0
2018-06-03,GLOBAL,2094,1297676.42,0,1,6,0,0,0,0
2018-06-04,GLOBAL,2969,2316426.04,1,2,6,0,0,0,0
2018-06-05,GLOBAL,3001,2328005.41,2,2,6,0,0,0,0
2018-06-06,GLOBAL,3046,2372780.64,3,2,6,0,0,0,0
2018-06-07,GLOBAL,3052,2345397.51,4,2,6,0,0,0,0
2018-06-08,GLOBAL,3436,2348674.15,5,2,6,0,0,0,0
2018-06-09,GLOBAL,2450,1444031.63,6,2,6,0,0,0,0
2018-06-10,GLOBAL,2014,1190189.88,0,2,6,0,0,0,0
2018-06-11,GLOBAL,2853,2171291.53,1,3,6,0,0,0,0
2018-06-12,GLOBAL,2975,2232591.04,2,3,6,0,0,0,0
2018-06-13,GLOBAL,3043,2132287.73,3,3,6,0,0,0,0
2018-06-14,GLOBAL,3330,2049761.95,4,3,6,0,0,0,0
2018-06-15,GLOBAL,3356,2162790.45,5,3,6,0,0,0,0
2018-06-16,GLOBAL,2338,1353047.38,6,3,6,0,0,0,0
2018-06-17,GLOBAL,1879,1092820.63,0,3,6,0,0,0,0
2018-06-18,GLOBAL,2532,1803576.21,1,4,6,0,0,0,0
2018-06-19,GLOBAL,2552,1963927.52,2,4,6,0,0,0,0
2018-06-20,GLOBAL,2718,1937021.72,3,4,6,0,0,0,0
2018-06-21,GLOBAL,2707,1945121.32,4,4,6,0,0,0,0
2018-06-22,GLOBAL,3028,2025080.39,5,4,6,0,0,0,0
2018-06-23,GLOBAL,2209,1237010.73,6,4,6,0,0,0,0
2018-06-24,GLOBAL,1804,1101883.93,0,4,6,0,0,0,0
2018-06-25,GLOBAL,2785,2204498.89,1,5,6,0,0,0,0
2018-06-26,GLOBAL,2740,2167071.51,2,5,6,0,0,0,0
2018-06-27,GLOBAL,2978,2324981.21,3,5,6,0,0,0,0
2018-06-28,GLOBAL,3030,2406935.63,4,5,6,0,0,0,0
2018-06-29,GLOBAL,3746,2903935.52,5,5,6,1,0,1,0
2018-06-30,GLOBAL,2954,1981823.88,6,5,6,0,0,0,0
2018-07-01,GLOBAL,2330,1643861.4,0,1,7,0,0,0,0
2018-07-02,GLOBAL,3234,2411117.69,1,2,7,0,1,0,0
2018-07-03,GLOBAL,3137,2444486.22,2,2,7,0,0,0,0
2018-07-04,GLOBAL,3083,2404664.49,3,2,7,0,0,0,0
2018-07-05,GLOBAL,3083,2281683.12,4,2,7,0,0,0,0
2018-07-06,GLOBAL,3424,2454432.45,5,2,7,0,0,0,0
2018-07-07,GLOBAL,2430,1573431.28,6,2,7,0,0,0,0
2018-07-08,GLOBAL,1913,1234698.29,0,2,7,0,0,0,0
2018-07-09,GLOBAL,2790,2276113.42,1,3,7,0,0,0,0
2018-07-10,GLOBAL,2799,2062352.03,2,3,7,0,0,0,0
2018-07-11,GLOBAL,2790,2050395.62,3,3,7,0,0,0,0
2018-07-12,GLOBAL,2943,2145064.91,4,3,7,0,0,0,0
2018-07-13,GLOBAL,3447,2402592.25,5,3,7,0,0,0,0
2018-07-14,GLOBAL,2456,1499848.64,6,3,7,0,0,0,0
2018-07-15,GLOBAL,1940,1143202.17,0,3,7,0,0,0,0
2018-07-16,GLOBAL,2784,2159557.61,1,4,7,0,0,0,0
2018-07-17,GLOBAL,2735,2076178.04,2,4,7,0,0,0,0
2018-07-18,GLOBAL,2753,2054108.72,3,4,7,0,0,0,0
2018-07-19,GLOBAL,2828,1878009.17,4,4,7,0,0,0,0
2018-07-20,GLOBAL,3298,2272315.2,5,4,7,0,0,0,0
2018-07-21,GLOBAL,2383,1525180.74,6,4,7,0,0,0,0
2018-07-22,GLOBAL,1836,1189510.08,0,4,7,0,0,0,0
2018-07-23,GLOBAL,2679,2082247.72,1,5,7,0,0,0,0
2018-07-24,GLOBAL,2734,2124868.33,2,5,7,0,0,0,0
2018-07-25,GLOBAL,3072,2434135.36,3,5,7,0,0,0,0
2018-07-26,GLOBAL,3115,2500960.04,4,5,7,0,0,0,0
2018-07-27,GLOBAL,3576,2584388.1,5,5,7,0,0,1,0
2018-07-28,GLOBAL,2582,1701219.75,6,5,7,0,0,0,0
2018-07-29,GLOBAL,2050,1371072.47,0,5,7,0,0,0,0
2018-07-30,GLOBAL,3124,2810045.3,1,6,7,0,0,0,0
2018-07-31,GLOBAL,3636,3036236.09,2,6,7,1,0,0,0
2018-08-01,GLOBAL,3674,2989176.92,3,1,8,0,1,0,0
2018-08-02,GLOBAL,3391,2531429.85,4,1,8,0,0,0,0
2018-08-03,GLOBAL,3653,2619407.5,5,1,8,0,0,0,0
2018-08-04,GLOBAL,2612,1657391.48,6,1,8,0,0,0,0
2018-08-05,GLOBAL,2051,1363193.64,0,1,8,0,0,0,0
2018-08-06,GLOBAL,2970,2370081.03,1,2,8,0,0,0,0
2018-08-07,GLOBAL,2926,2273027.89,2,2,8,0,0,0,0
2018-08-08,GLOBAL,3052,2206149.33,3,2,8,0,0,0,0
2018-08-09,GLOBAL,3070,2422655.65,4,2,8,0,0,0,0
2018-08-10,GLOBAL,3581,2588205.93,5,2,8,0,0,0,0
2018-08-11,GLOBAL,2490,1548779.11,6,2,8,0,0,0,0
2018-08-12,GLOBAL,1930,1243406.93,0,2,8,0,0,0,0
2018-08-13,GLOBAL,2865,2295544.94,1,3,8,0,0,0,0
2018-08-14,GLOBAL,2914,2295590.94,2,3,8,0,0,0,0
2018-08-15,GLOBAL,3229,2506295.84,3,3,8,0,0,0,0
2018-08-16,GLOBAL,3298,2664138.49,4,3,8,0,0,0,0
2018-08-17,GLOBAL,3640,2795973.23,5,3,8,0,0,0,0
2018-08-18,GLOBAL,2638,1769831.67,6,3,8,0,0,0,0
2018-08-19,GLOBAL,2140,1373344.6,0,3,8,0,0,0,0
2018-08-20,GLOBAL,3171,2166823.98,1,4,8,0,0,0,0
2018-08-21,GLOBAL,2814,2057886.25,2,4,8,0,0,0,0
2018-08-22,GLOBAL,2748,2059397.41,3,4,8,0,0,0,0
2018-08-23,GLOBAL,2893,2169785.28,4,4,8,0,0,0,0
2018-08-24,GLOBAL,3611,2594508.87,5,4,8,0,0,0,0
2018-08-25,GLOBAL,2515,1568745.4,6,4,8,0,0,0,0
2018-08-26,GLOBAL,2037,1309608.43,0,4,8,0,0,0,0
2018-08-27,GLOBAL,2900,2374944.85,1,5,8,0,0,0,0
2018-08-28,GLOBAL,3069,2565403.04,2,5,8,0,0,0,0
2018-08-29,GLOBAL,3115,2508677.18,3,5,8,0,0,0,0
2018-08-30,GLOBAL,3338,2820596.3,4,5,8,0,0,0,0
2018-08-31,GLOBAL,4385,3435955.25,5,5,8,1,0,1,0
2018-09-01,GLOBAL,3108,2211509.42,6,1,9,0,0,0,0
2018-09-02,GLOBAL,2389,1671470.27,0,1,9,0,0,0,0
2018-09-03,GLOBAL,3432,2791340.27,1,2,9,0,1,0,0
2018-09-04,GLOBAL,3169,2443340.24,2,2,9,0,0,0,0
2018-09-05,GLOBAL,3287,2728458.77,3,2,9,0,0,0,0
2018-09-06,GLOBAL,3324,2724490.98,4,2,9,0,0,0,0
2018-09-07,GLOBAL,3660,2733982.33,5,2,9,0,0,0,0
2018-09-08,GLOBAL,2648,1685999.59,6,2,9,0,0,0,0
2018-09-09,GLOBAL,2051,1340475.18,0,2,9,0,0,0,0
2018-09-10,GLOBAL,3026,2283685.14,1,3,9,0,0,0,0
2018-09-11,GLOBAL,2933,2364941.94,2,3,9,0,0,0,0
2018-09-12,GLOBAL,3107,2320982.57,3,3,9,0,0,0,0
2018-09-13,GLOBAL,3130,2374475.14,4,3,9,0,0,0,0
2018-09-14,GLOBAL,3746,2651199.88,5,3,9,0,0,0,0
2018-09-15,GLOBAL,2628,1665104.6,6,3,9,0,0,0,0
2018-09-16,GLOBAL,2062,1279812.83,0,3,9,0,0,0,0
2018-09-17,GLOBAL,2975,2139960.51,1,4,9,0,0,0,0
2018-09-18,GLOBAL,2937,2258285.79,2,4,9,0,0,0,0
2018-09-19,GLOBAL,2973,2312354.66,3,4,9,0,0,0,0
2018-09-20,GLOBAL,3136,2347572.07,4,4,9,0,0,0,0
2018-09-21,GLOBAL,3448,2416878.66,5,4,9,0,0,0,0
2018-09-22,GLOBAL,2466,1504544.77,6,4,9,0,0,0,0
2018-09-23,GLOBAL,1932,1204588.43,0,4,9,0,0,0,0
2018-09-24,GLOBAL,2803,2204898.46,1,5,9,0,0,0,0
2018-09-25,GLOBAL,3081,2273722.68,2,5,9,0,0,0,0
2018-09-26,GLOBAL,3183,2525927.33,3,5,9,0,0,0,0
2018-09-27,GLOBAL,3390,2746556.35,4,5,9,0,0,0,0
2018-09-28,GLOBAL,4197,3106821.18,5,5,9,1,0,1,0
2018-09-29,GLOBAL,3003,1999721.65,6,5,9,0,0,0,0
2018-09-30,GLOBAL,2517,1730385.84,0,5,9,0,0,0,0
2018-10-01,GLOBAL,3716,2931073.01,1,2,10,0,1,0,0
2018-10-02,GLOBAL,3472,2723044.74,2,2,10,0,0,0,0
2018-10-03,GLOBAL,3479,2692323.64,3,2,10,0,0,0,0
2018-10-04,GLOBAL,3405,2587529.91,4,2,10,0,0,0,0
2018-10-05,GLOBAL,3850,2819048.27,5,2,10,0,0,0,0
2018-10-06,GLOBAL,2739,1726384.84,6,2,10,0,0,0,0
2018-10-07,GLOBAL,2080,1306471.6,0,2,10,0,0,0,0
2018-10-08,GLOBAL,3006,2175729.06,1,3,10,0,0,0,0
2018-10-09,GLOBAL,2997,2260381.98,2,3,10,0,0,0,0
2018-10-10,GLOBAL,3262,2585987.03,3,3,10,0,0,0,0
2018-10-11,GLOBAL,3249,2542141.2,4,3,10,0,0,0,0
2018-10-12,GLOBAL,3711,2658091.84,5,3,10,0,0,0,0
2018-10-13,GLOBAL,2642,1656981.93,6,3,10,0,0,0,0
2018-10-14,GLOBAL,2121,1379882.01,0,3,10,0,0,0,0
2018-10-15,GLOBAL,3145,2356288.42,1,4,10,0,0,0,0
2018-10-16,GLOBAL,3028,2267382.54,2,4,10,0,0,0,0
2018-10-17,GLOBAL,2971,2180875.72,3,4,10,0,0,0,0
2018-10-18,GLOBAL,3016,2093114.9,4,4,10,0,0,0,0
2018-10-19,GLOBAL,3507,2257120.56,5,4,10,0,0,0,0
2018-10-20,GLOBAL,2535,1483281.86,6,4,10,0,0,0,0
2018-10-21,GLOBAL,1929,1176902.05,0,4,10,0,0,0,0
2018-10-22,GLOBAL,2758,1944555.62,1,5,10,0,0,0,0
2018-10-23,GLOBAL,2782,2071920.35,2,5,10,0,0,0,0
2018-10-24,GLOBAL,2979,2342839.65,3,5,10,0,0,0,0
2018-10-25,GLOBAL,3310,2541122.36,4,5,10,0,0,0,0
2018-10-26,GLOBAL,3762,2752396.87,5,5,10,0,0,1,0
2018-10-27,GLOBAL,2636,1616328.32,6,5,10,0,0,0,0
2018-10-28,GLOBAL,2107,1418499.05,0,5,10,0,0,0,0
2018-10-29,GLOBAL,3054,2374150.31,1,6,10,0,0,0,0
2018-10-30,GLOBAL,3230,2514551.63,2,6,10,0,0,0,0
2018-10-31,GLOBAL,3868,3123780.93,3,6,10,1,0,0,0
2018-11-01,GLOBAL,3817,3104130.06,4,1,11,0,1,0,0
2018-11-02,GLOBAL,4034,3094749.28,5,1,11,0,0,0,0
2018-11-03,GLOBAL,2875,1934152.68,6,1,11,0,0,0,0
2018-11-04,GLOBAL,2220,1435592.15,0,1,11,0,0,0,0
2018-11-05,GLOBAL,3281,2511795.32,1,2,11,0,0,0,0
2018-11-06,GLOBAL,3198,2573201.47,2,2,11,0,0,0,0
2018-11-07,GLOBAL,3201,2496102.46,3,2,11,0,0,0,0
2018-11-08,GLOBAL,3175,2249748.42,4,2,11,0,0,0,0
2018-11-09,GLOBAL,3633,2502093.21,5,2,11,0,0,0,0
2018-11-10,GLOBAL,2617,1549406.58,6,2,11,0,0,0,0
2018-11-11,GLOBAL,2018,1267381.69,0,2,11,0,0,0,0
2018-11-12,GLOBAL,2888,2065071.41,1,3,11,0,0,0,0
2018-11-13,GLOBAL,2845,2077221.81,2,3,11,0,0,0,0
2018-11-14,GLOBAL,3100,2516740.95,3,3,11,0,0,0,0
2018-11-15,GLOBAL,3405,2529840.92,4,3,11,0,0,0,0
2018-11-16,GLOBAL,3616,2553758.74,5,3,11,0,0,0,0
2018-11-17,GLOBAL,2610,1679320.08,6,3,11,0,0,0,0
2018-11-18,GLOBAL,1994,1316032.08,0,3,11,0,0,0,0
2018-11-19,GLOBAL,2833,2104726.71,1,4,11,0,0,0,0
2018-11-20,GLOBAL,2912,2202142.96,2,4,11,0,0,0,0
2018-11-21,GLOBAL,2978,2269206.67,3,4,11,0,0,0,0
2018-11-22,GLOBAL,2987,2110907.63,4,4,11,0,0,0,0
2018-11-23,GLOBAL,3422,2392612.23,5,4,11,0,0,0,0
2018-11-24,GLOBAL,2459,1546821,6,4,11,0,0,0,0
2018-11-25,GLOBAL,1989,1357839.72,0,4,11,0,0,0,0
2018-11-26,GLOBAL,2955,2325638.11,1,5,11,0,0,0,0
2018-11-27,GLOBAL,3023,2404996.12,2,5,11,0,0,0,0
2018-11-28,GLOBAL,3242,2768057.38,3,5,11,0,0,0,0
2018-11-29,GLOBAL,3363,2755337.61,4,5,11,0,0,0,0
2018-11-30,GLOBAL,4386,3437823.44,5,5,11,1,0,1,0
2018-12-01,GLOBAL,3234,2339950.07,6,1,12,0,0,0,0
2018-12-02,GLOBAL,2489,1861439.86,0,1,12,0,0,0,0
2018-12-03,GLOBAL,3557,2984691.88,1,2,12,0,1,0,0
2018-12-04,GLOBAL,3350,2879461.56,2,2,12,0,0,0,0
2018-12-05,GLOBAL,3415,2851257.81,3,2,12,0,0,0,0
2018-12-06,GLOBAL,3264,2577789.11,4,2,12,0,0,0,0
2018-12-07,GLOBAL,3677,2685874,5,2,12,0,0,0,0
2018-12-08,GLOBAL,2618,1766029.77,6,2,12,0,0,0,0
2018-12-09,GLOBAL,2106,1467170.49,0,2,12,0,0,0,0
2018-12-10,GLOBAL,3164,2581325.61,1,3,12,0,0,0,0
2018-12-11,GLOBAL,3167,2774750.66,2,3,12,0,0,0,0
2018-12-12,GLOBAL,3326,2682359.87,3,3,12,0,0,0,0
2018-12-13,GLOBAL,3241,2624677.37,4,3,12,0,0,0,0
2018-12-14,GLOBAL,3963,3005987.77,5,3,12,0,0,0,0
2018-12-15,GLOBAL,2921,2053729.91,6,3,12,0,0,0,0
2018-12-16,GLOBAL,2309,1607552.94,0,3,12,0,0,0,0
2018-12-17,GLOBAL,3394,2726968.09,1,4,12,0,0,0,0
2018-12-18,GLOBAL,3520,2807419.26,2,4,12,0,0,0,0
2018-12-19,GLOBAL,3836,2977973.49,3,4,12,0,0,0,0
2018-12-20,GLOBAL,4491,3320317.54,4,4,12,0,0,0,0
2018-12-21,GLOBAL,6010,3836585.73,5,4,12,0,0,0,0
2018-12-22,GLOBAL,4411,2607325.5,6,4,12,0,0,0,0
2018-12-23,GLOBAL,3497,1890282.95,0,4,12,0,0,0,0
2018-12-24,GLOBAL,4781,2451863.27,1,5,12,0,0,0,0
2018-12-25,GLOBAL,2290,1223358.25,2,5,12,0,0,0,0
2018-12-26,GLOBAL,2325,1681029,3,5,12,0,0,0,0
2018-12-27,GLOBAL,3108,2285312.26,4,5,12,0,0,0,0
2018-12-28,GLOBAL,3712,2718266.54,5,5,12,0,0,1,0
2018-12-29,GLOBAL,2869,1859444.31,6,5,12,0,0,0,0
2018-12-30,GLOBAL,2413,1414313.95,0,5,12,0,0,0,0
2018-12-31,GLOBAL,3483,2136128.82,1,6,12,1,0,0,0
2019-01-01,GLOBAL,2177,1516021.13,2,1,1,0,0,0,1
2019-01-02,GLOBAL,3159,2502094.55,3,1,1,0,1,0,0
2019-01-03,GLOBAL,3285,2598023.89,4,1,1,0,0,0,0
2019-01-04,GLOBAL,3637,2772406.28,5,1,1,0,0,0,0
2019-01-05,GLOBAL,2795,1928677.48,6,1,1,0,0,0,0
2019-01-06,GLOBAL,2182,1505530.03,0,1,1,0,0,0,0
2019-01-07,GLOBAL,3130,2483627.61,1,2,1,0,0,0,0
2019-01-08,GLOBAL,3056,2557997.21,2,2,1,0,0,0,0
2019-01-09,GLOBAL,3129,2647222.11,3,2,1,0,0,0,0
2019-01-10,GLOBAL,3294,2540066.58,4,2,1,0,0,0,0
2019-01-11,GLOBAL,3690,2827684.86,5,2,1,0,0,0,0
2019-01-12,GLOBAL,2731,1865354.38,6,2,1,0,0,0,0
2019-01-13,GLOBAL,2135,1421083.37,0,2,1,0,0,0,0
2019-01-14,GLOBAL,3019,2519278.02,1,3,1,0,0,0,0
2019-01-15,GLOBAL,3136,2478543.82,2,3,1,0,0,0,0
2019-01-16,GLOBAL,3162,2614278.99,3,3,1,0,0,0,0
2019-01-17,GLOBAL,3110,2236473.29,4,3,1,0,0,0,0
2019-01-18,GLOBAL,3588,2621150.03,5,3,1,0,0,0,0
2019-01-19,GLOBAL,2673,1738568.09,6,3,1,0,0,0,0
2019-01-20,GLOBAL,2061,1325714.63,0,3,1,0,0,0,0
2019-01-21,GLOBAL,2952,2142271.6,1,4,1,0,0,0,0
2019-01-22,GLOBAL,2855,2221220.5,2,4,1,0,0,0,0
2019-01-23,GLOBAL,3061,2399673.66,3,4,1,0,0,0,0
2019-01-24,GLOBAL,3173,2292264.81,4,4,1,0,0,0,0
2019-01-25,GLOBAL,4074,2905105.2,5,4,1,0,0,1,0
2019-01-26,GLOBAL,2873,1873668.75,6,4,1,0,0,0,0
2019-01-27,GLOBAL,2240,1517153.95,0,4,1,0,0,0,0
2019-01-28,GLOBAL,3193,2343622.9,1,5,1,0,0,0,0
2019-01-29,GLOBAL,3229,2564291.33,2,5,1,0,0,0,0
2019-01-30,GLOBAL,3536,2921495.83,3,5,1,0,0,0,0
2019-01-31,GLOBAL,4216,3469115.6,4,5,1,1,0,0,0
2019-02-01,GLOBAL,4606,3310453.16,5,1,2,0,1,0,0
2019-02-02,GLOBAL,3292,2139372.98,6,1,2,0,0,0,0
2019-02-03,GLOBAL,2533,1645248.35,0,1,2,0,0,0,0
2019-02-04,GLOBAL,3445,2685285.05,1,2,2,0,0,0,0
2019-02-05,GLOBAL,3403,2510102.22,2,2,2,0,0,0,0
2019-02-06,GLOBAL,3350,2580838.97,3,2,2,0,0,0,0
2019-02-07,GLOBAL,3393,2477899.24,4,2,2,0,0,0,0
2019-02-08,GLOBAL,3867,2439915.95,5,2,2,0,0,0,0
2019-02-09,GLOBAL,2867,1710158.95,6,2,2,0,0,0,0
2019-02-10,GLOBAL,2218,1305168.22,0,2,2,0,0,0,0
2019-02-11,GLOBAL,3122,2282807.3,1,3,2,0,0,0,0
2019-02-12,GLOBAL,3188,2146679.78,2,3,2,0,0,0,0
2019-02-13,GLOBAL,3426,2326673.27,3,3,2,0,0,0,0
2019-02-14,GLOBAL,3561,2347737.33,4,3,2,0,0,0,0
2019-02-15,GLOBAL,3967,2648786.26,5,3,2,0,0,0,0
2019-02-16,GLOBAL,2892,1810547.54,6,3,2,0,0,0,0
2019-02-17,GLOBAL,2206,1419322.96,0,3,2,0,0,0,0
2019-02-18,GLOBAL,3121,2332777.49,1,4,2,0,0,0,0
2019-02-19,GLOBAL,3039,2162721.24,2,4,2,0,0,0,0
2019-02-20,GLOBAL,3419,2638650.67,3,4,2,0,0,0,0
2019-02-21,GLOBAL,3345,2423479.93,4,4,2,0,0,0,0
2019-02-22,GLOBAL,3809,2440408.16,5,4,2,0,0,1,0
2019-02-23,GLOBAL,2733,1669265.23,6,4,2,0,0,0,0
2019-02-24,GLOBAL,2151,1318395.78,0,4,2,0,0,0,0
2019-02-25,GLOBAL,3458,2726538.6,1,5,2,0,0,0,0
2019-02-26,GLOBAL,3464,2695621.41,2,5,2,0,0,0,0
2019-02-27,GLOBAL,3950,3235243.77,3,5,2,0,0,0,0
2019-02-28,GLOBAL,4849,3903874.84,4,5,2,1,0,0,0
2019-03-01,GLOBAL,5151,3672851.46,5,1,3,0,1,0,0
2019-03-02,GLOBAL,3590,2299503.99,6,1,3,0,0,0,0
2019-03-03,GLOBAL,2762,1842244.19,0,1,3,0,0,0,0
2019-03-04,GLOBAL,3824,2878002.08,1,2,3,0,0,0,0
2019-03-05,GLOBAL,3724,2578244.32,2,2,3,0,0,0,0
2019-03-06,GLOBAL,3678,2809423.1,3,2,3,0,0,0,0
2019-03-07,GLOBAL,3728,2729921.65,4,2,3,0,0,0,0
2019-03-08,GLOBAL,4207,2698492.96,5,2,3,0,0,0,0
2019-03-09,GLOBAL,3049,1855276.1,6,2,3,0,0,0,0
2019-03-10,GLOBAL,2351,1422359.9,0,2,3,0,0,0,0
2019-03-11,GLOBAL,3339,2434495.45,1,3,3,0,0,0,0
2019-03-12,GLOBAL,3441,2498595.17,2,3,3,0,0,0,0
2019-03-13,GLOBAL,3419,2486650.01,3,3,3,0,0,0,0
2019-03-14,GLOBAL,3652,2633545.04,4,3,3,0,0,0,0
2019-03-15,GLOBAL,4392,2980315.72,5,3,3,0,0,0,0
2019-03-16,GLOBAL,3106,1897979.74,6,3,3,0,0,0,0
2019-03-17,GLOBAL,2381,1427212.73,0,3,3,0,0,0,0
2019-03-18,GLOBAL,3313,2442817.34,1,4,3,0,0,0,0
2019-03-19,GLOBAL,3326,2223445.96,2,4,3,0,0,0,0
2019-03-20,GLOBAL,3615,2641196.15,3,4,3,0,0,0,0
2019-03-21,GLOBAL,3542,2582591.42,4,4,3,0,0,0,0
2019-03-22,GLOBAL,3951,2555077.1,5,4,3,0,0,0,0
2019-03-23,GLOBAL,2899,1703849.15,6,4,3,0,0,0,0
2019-03-24,GLOBAL,2293,1399731.68,0,4,3,0,0,0,0
2019-03-25,GLOBAL,3566,2780119,1,5,3,0,0,0,0
2019-03-26,GLOBAL,3528,2576057.02,2,5,3,0,0,0,0
2019-03-27,GLOBAL,3826,2995616.94,3,5,3,0,0,0,0
2019-03-28,GLOBAL,3965,2939126.59,4,5,3,0,0,0,0
2019-03-29,GLOBAL,4890,3518237.66,5,5,3,1,0,1,0
2019-03-30,GLOBAL,3559,2379937.23,6,5,3,0,0,0,0
2019-03-31,GLOBAL,2955,1937674.51,0,5,3,0,0,0,0
2019-04-01,GLOBAL,4347,3364039.79,1,2,4,0,1,0,0
2019-04-02,GLOBAL,3993,2943199.03,2,2,4,0,0,0,0
2019-04-03,GLOBAL,4049,3044159.05,3,2,4,0,0,0,0
2019-04-04,GLOBAL,3978,2894639.49,4,2,4,0,0,0,0
2019-04-05,GLOBAL,4448,2979141.51,5,2,4,0,0,0,0
2019-04-06,GLOBAL,3176,1848022.02,6,2,4,0,0,0,0
2019-04-07,GLOBAL,2461,1540657.9,0,2,4,0,0,0,0
2019-04-08,GLOBAL,3505,2653537.76,1,3,4,0,0,0,0
2019-04-09,GLOBAL,3548,2604190.35,2,3,4,0,0,0,0
2019-04-10,GLOBAL,3822,2797569.97,3,3,4,0,0,0,0
2019-04-11,GLOBAL,3726,2692730.17,4,3,4,0,0,0,0
2019-04-12,GLOBAL,4325,2803504.92,5,3,4,0,0,0,0
2019-04-13,GLOBAL,3147,1878912.59,6,3,4,0,0,0,0
2019-04-14,GLOBAL,2455,1560892.7,0,3,4,0,0,0,0
2019-04-15,GLOBAL,3849,2899034.13,1,4,4,0,0,0,0
2019-04-16,GLOBAL,3787,2694434.2,2,4,4,0,0,0,0
2019-04-17,GLOBAL,3932,2844874.85,3,4,4,0,0,0,0
2019-04-18,GLOBAL,4028,2586598.78,4,4,4,0,0,0,0
2019-04-19,GLOBAL,3588,1995939.56,5,4,4,0,0,0,0
2019-04-20,GLOBAL,2929,1544703.36,6,4,4,0,0,0,0
2019-04-21,GLOBAL,2127,1134389.18,0,4,4,0,0,0,0
2019-04-22,GLOBAL,2800,1899184.88,1,5,4,0,0,0,0
2019-04-23,GLOBAL,3564,2560496.96,2,5,4,0,0,0,0
2019-04-24,GLOBAL,3731,2881004.35,3,5,4,0,0,0,0
2019-04-25,GLOBAL,4030,3036348.68,4,5,4,0,0,0,0
2019-04-26,GLOBAL,4695,3295580.38,5,5,4,0,0,1,0
2019-04-27,GLOBAL,3263,2026138.44,6,5,4,0,0,0,0
2019-04-28,GLOBAL,2637,1736014.92,0,5,4,0,0,0,0
2019-04-29,GLOBAL,3941,3141440.83,1,6,4,0,0,0,0
2019-04-30,GLOBAL,4704,3597906.63,2,6,4,1,0,0,0
2019-05-01,GLOBAL,4541,3437151.91,3,1,5,0,1,0,0
2019-05-02,GLOBAL,4627,3493273.56,4,1,5,0,0,0,0
2019-05-03,GLOBAL,5061,3450541.95,5,1,5,0,0,0,0
2019-05-04,GLOBAL,3602,2312043.41,6,1,5,0,0,0,0
2019-05-05,GLOBAL,2841,1724180.03,0,1,5,0,0,0,0
2019-05-06,GLOBAL,3859,2847307.43,1,2,5,0,0,0,0
2019-05-07,GLOBAL,3882,2960012.43,2,2,5,0,0,0,0
2019-05-08,GLOBAL,3913,2718668.28,3,2,5,0,0,0,0
2019-05-09,GLOBAL,4033,2887885.93,4,2,5,0,0,0,0
2019-05-10,GLOBAL,4805,3316714.34,5,2,5,0,0,0,0
2019-05-11,GLOBAL,3527,2066844.05,6,2,5,0,0,0,0
2019-05-12,GLOBAL,2803,1574463.97,0,2,5,0,0,0,0
2019-05-13,GLOBAL,3519,2690473.78,1,3,5,0,0,0,0
2019-05-14,GLOBAL,3669,2485634.57,2,3,5,0,0,0,0
2019-05-15,GLOBAL,4098,3158946.79,3,3,5,0,0,0,0
2019-05-16,GLOBAL,3951,2906566.61,4,3,5,0,0,0,0
2019-05-17,GLOBAL,4357,2751715.56,5,3,5,0,0,0,0
2019-05-18,GLOBAL,3142,1936916.74,6,3,5,0,0,0,0
2019-05-19,GLOBAL,2404,1505653.56,0,3,5,0,0,0,0
2019-05-20,GLOBAL,3646,2755310.8,1,4,5,0,0,0,0
2019-05-21,GLOBAL,3565,2599885.94,2,4,5,0,0,0,0
2019-05-22,GLOBAL,3690,2517966.73,3,4,5,0,0,0,0
2019-05-23,GLOBAL,3768,2776402.76,4,4,5,0,0,0,0
2019-05-24,GLOBAL,4738,3149274.49,5,4,5,0,0,0,0
2019-05-25,GLOBAL,3354,2141841.31,6,4,5,0,0,0,0
2019-05-26,GLOBAL,2640,1686573.07,0,4,5,0,0,0,0
2019-05-27,GLOBAL,3743,2847882.87,1,5,5,0,0,0,0
2019-05-28,GLOBAL,3989,3161821.81,2,5,5,0,0,0,0
2019-05-29,GLOBAL,4157,3335658.87,3,5,5,0,0,0,0
2019-05-30,GLOBAL,4376,2836985.11,4,5,5,0,0,0,0
2019-05-31,GLOBAL,5702,4271773.04,5,5,5,1,0,1,0
2019-06-01,GLOBAL,4247,2832155.38,6,1,6,0,0,0,0
2019-06-02,GLOBAL,3235,2145597.7,0,1,6,0,0,0,0
2019-06-03,GLOBAL,4682,3442118.91,1,2,6,0,1,0,0
2019-06-04,GLOBAL,4257,2544086.86,2,2,6,0,0,0,0
2019-06-05,GLOBAL,3965,2958982.06,3,2,6,0,0,0,0
2019-06-06,GLOBAL,3967,3037736.53,4,2,6,0,0,0,0
2019-06-07,GLOBAL,4586,3077348.33,5,2,6,0,0,0,0
2019-06-08,GLOBAL,3278,2152826.35,6,2,6,0,0,0,0
2019-06-09,GLOBAL,2449,1547598.9,0,2,6,0,0,0,0
2019-06-10,GLOBAL,3618,2736767.42,1,3,6,0,0,0,0
2019-06-11,GLOBAL,3615,2191829.98,2,3,6,0,0,0,0
2019-06-12,GLOBAL,3830,2926870.04,3,3,6,0,0,0,0
2019-06-13,GLOBAL,3907,2901030.8,4,3,6,0,0,0,0
2019-06-14,GLOBAL,4720,2950211.05,5,3,6,0,0,0,0
2019-06-15,GLOBAL,3362,2011966.48,6,3,6,0,0,0,0
2019-06-16,GLOBAL,2758,1659432.44,0,3,6,0,0,0,0
2019-06-17,GLOBAL,3639,2687584.06,1,4,6,0,0,0,0
2019-06-18,GLOBAL,3515,2598147.88,2,4,6,0,0,0,0
2019-06-19,GLOBAL,3669,2742304.08,3,4,6,0,0,0,0
2019-06-20,GLOBAL,3947,2965077.51,4,4,6,0,0,0,0
2019-06-21,GLOBAL,4407,2378477.84,5,4,6,0,0,0,0
2019-06-22,GLOBAL,3095,1942549.17,6,4,6,0,0,0,0
2019-06-23,GLOBAL,2416,1552208.21,0,4,6,0,0,0,0
2019-06-24,GLOBAL,3483,2718269.35,1,5,6,0,0,0,0
2019-06-25,GLOBAL,3843,2789876.51,2,5,6,0,0,0,0
2019-06-26,GLOBAL,3927,3121373.66,3,5,6,0,0,0,0
2019-06-27,GLOBAL,4202,3346096.03,4,5,6,0,0,0,0
2019-06-28,GLOBAL,5286,3792503.55,5,5,6,1,0,1,0
2019-06-29,GLOBAL,3668,2436545.99,6,5,6,0,0,0,0
2019-06-30,GLOBAL,2803,1903968.31,0,5,6,0,0,0,0
2019-07-01,GLOBAL,4618,3626322.91,1,2,7,0,1,0,0
2019-07-02,GLOBAL,4259,2950872.61,2,2,7,0,0,0,0
2019-07-03,GLOBAL,4336,3502609.35,3,2,7,0,0,0,0
2019-07-04,GLOBAL,4275,3331626.79,4,2,7,0,0,0,0
2019-07-05,GLOBAL,4663,3024244.89,5,2,7,0,0,0,0
2019-07-06,GLOBAL,3303,2044544.41,6,2,7,0,0,0,0
2019-07-07,GLOBAL,2556,1630582.1,0,2,7,0,0,0,0
2019-07-08,GLOBAL,1862,1392018.01,1,3,7,0,0,0,0
2019-07-09,GLOBAL,4441,3011184.5,2,3,7,0,0,0,0
2019-07-10,GLOBAL,4026,3021957.23,3,3,7,0,0,0,0
2019-07-11,GLOBAL,3932,2822450.15,4,3,7,0,0,0,0
2019-07-12,GLOBAL,4440,3107742.85,5,3,7,0,0,0,0
2019-07-13,GLOBAL,3324,2074944.61,6,3,7,0,0,0,0
2019-07-14,GLOBAL,2541,1649274.3,0,3,7,0,0,0,0
2019-07-15,GLOBAL,3892,2987335.97,1,4,7,0,0,0,0
2019-07-16,GLOBAL,3764,2436454.77,2,4,7,0,0,0,0
2019-07-17,GLOBAL,3742,2841049.82,3,4,7,0,0,0,0
2019-07-18,GLOBAL,3859,2879417.46,4,4,7,0,0,0,0
2019-07-19,GLOBAL,4531,3072851.41,5,4,7,0,0,0,0
2019-07-20,GLOBAL,3172,1961108.35,6,4,7,0,0,0,0
2019-07-21,GLOBAL,2463,1518578.24,0,4,7,0,0,0,0
2019-07-22,GLOBAL,3615,2734359.3,1,5,7,0,0,0,0
2019-07-23,GLOBAL,3577,2791276.24,2,5,7,0,0,0,0
2019-07-24,GLOBAL,3782,2568084.86,3,5,7,0,0,0,0
2019-07-25,GLOBAL,4256,3212014.87,4,5,7,0,0,0,0
2019-07-26,GLOBAL,4917,3237266.18,5,5,7,0,0,1,0
2019-07-27,GLOBAL,3386,2121458.98,6,5,7,0,0,0,0
2019-07-28,GLOBAL,2657,1712625.86,0,5,7,0,0,0,0
2019-07-29,GLOBAL,3941,3179377.05,1,6,7,0,0,0,0
2019-07-30,GLOBAL,4179,3378440.53,2,6,7,0,0,0,0
2019-07-31,GLOBAL,4982,4160646.91,3,6,7,1,0,0,0
2019-08-01,GLOBAL,4965,4058020.1,4,1,8,0,1,0,0
2019-08-02,GLOBAL,5261,3757378.77,5,1,8,0,0,0,0
2019-08-03,GLOBAL,3759,2679408.8,6,1,8,0,0,0,0
2019-08-04,GLOBAL,2885,1999998.85,0,1,8,0,0,0,0
2019-08-05,GLOBAL,4316,3504466.83,1,2,8,0,0,0,0
2019-08-06,GLOBAL,4359,3660997.14,2,2,8,0,0,0,0
2019-08-07,GLOBAL,4353,3306472.32,3,2,8,0,0,0,0
2019-08-08,GLOBAL,4431,3451544.21,4,2,8,0,0,0,0
2019-08-09,GLOBAL,5159,3498123.09,5,2,8,0,0,0,0
2019-08-10,GLOBAL,3762,2249394.35,6,2,8,0,0,0,0
2019-08-11,GLOBAL,2653,1602237.95,0,2,8,0,0,0,0
2019-08-12,GLOBAL,3571,2620897.88,1,3,8,0,0,0,0
2019-08-13,GLOBAL,3639,2747392.43,2,3,8,0,0,0,0
2019-08-14,GLOBAL,4028,2972709.88,3,3,8,0,0,0,0
2019-08-15,GLOBAL,4327,3253171.06,4,3,8,0,0,0,0
2019-08-16,GLOBAL,4733,3326859.85,5,3,8,0,0,0,0
2019-08-17,GLOBAL,3338,2138121.97,6,3,8,0,0,0,0
2019-08-18,GLOBAL,2599,1610984.68,0,3,8,0,0,0,0
2019-08-19,GLOBAL,3729,2811790.39,1,4,8,0,0,0,0
2019-08-20,GLOBAL,3937,2932423.78,2,4,8,0,0,0,0
2019-08-21,GLOBAL,3922,2804336.15,3,4,8,0,0,0,0
2019-08-22,GLOBAL,3974,2925716.07,4,4,8,0,0,0,0
2019-08-23,GLOBAL,4903,3412887.34,5,4,8,0,0,0,0
2019-08-24,GLOBAL,3405,2171860.65,6,4,8,0,0,0,0
2019-08-25,GLOBAL,2617,1695405.67,0,4,8,0,0,0,0
2019-08-26,GLOBAL,3767,2971740.28,1,5,8,0,0,0,0
2019-08-27,GLOBAL,4016,2959865.18,2,5,8,0,0,0,0
2019-08-28,GLOBAL,4267,3410213.18,3,5,8,0,0,0,0
2019-08-29,GLOBAL,4450,3474132.02,4,5,8,0,0,0,0
2019-08-30,GLOBAL,5682,4114934.43,5,5,8,1,0,1,0
2019-08-31,GLOBAL,4078,2706829.6,6,5,8,0,0,0,0
2019-09-01,GLOBAL,3360,2292914.13,0,1,9,0,0,0,0
2019-09-02,GLOBAL,4571,3542325.38,1,2,9,0,1,0,0
2019-09-03,GLOBAL,4335,3225716.75,2,2,9,0,0,0,0
2019-09-04,GLOBAL,4426,3546697.32,3,2,9,0,0,0,0
2019-09-05,GLOBAL,4540,3543277.11,4,2,9,0,0,0,0
2019-09-06,GLOBAL,5129,3501141.77,5,2,9,0,0,0,0
2019-09-07,GLOBAL,3515,2201645.25,6,2,9,0,0,0,0
2019-09-08,GLOBAL,2826,1735503.18,0,2,9,0,0,0,0
2019-09-09,GLOBAL,3929,2877787.46,1,3,9,0,0,0,0
2019-09-10,GLOBAL,3950,2940601.38,2,3,9,0,0,0,0
2019-09-11,GLOBAL,3955,2690557.34,3,3,9,0,0,0,0
2019-09-12,GLOBAL,4231,2987664.37,4,3,9,0,0,0,0
2019-09-13,GLOBAL,5007,3288731.25,5,3,9,0,0,0,0
2019-09-14,GLOBAL,3601,2252196.43,6,3,9,0,0,0,0
2019-09-15,GLOBAL,2789,1672293.57,0,3,9,0,0,0,0
2019-09-16,GLOBAL,3980,2913596.62,1,4,9,0,0,0,0
2019-09-17,GLOBAL,3841,2564181.08,2,4,9,0,0,0,0
2019-09-18,GLOBAL,3925,2796773.84,3,4,9,0,0,0,0
2019-09-19,GLOBAL,3958,2713921.96,4,4,9,0,0,0,0
2019-09-20,GLOBAL,4814,3128805.7,5,4,9,0,0,0,0
2019-09-21,GLOBAL,3369,1933435.48,6,4,9,0,0,0,0
2019-09-22,GLOBAL,2622,1581792.64,0,4,9,0,0,0,0
2019-09-23,GLOBAL,3718,2732948.74,1,5,9,0,0,0,0
2019-09-24,GLOBAL,3723,2551415.41,2,5,9,0,0,0,0
2019-09-25,GLOBAL,3999,3043916.4,3,5,9,0,0,0,0
2019-09-26,GLOBAL,4416,3244414.74,4,5,9,0,0,0,0
2019-09-27,GLOBAL,5257,3565506.74,5,5,9,0,0,1,0
2019-09-28,GLOBAL,3844,2488132.84,6,5,9,0,0,0,0
2019-09-29,GLOBAL,3100,2045645.86,0,5,9,0,0,0,0
2019-09-30,GLOBAL,5078,4053218.04,1,6,9,1,0,0,0
2019-10-01,GLOBAL,5091,3842536.97,2,1,10,0,1,0,0
2019-10-02,GLOBAL,4838,3805552.19,3,1,10,0,0,0,0
2019-10-03,GLOBAL,4876,3650028.56,4,1,10,0,0,0,0
2019-10-04,GLOBAL,5148,3432750.06,5,1,10,0,0,0,0
2019-10-05,GLOBAL,3941,2405832.88,6,1,10,0,0,0,0
2019-10-06,GLOBAL,2962,1812252.55,0,1,10,0,0,0,0
2019-10-07,GLOBAL,4054,2850087.76,1,2,10,0,0,0,0
2019-10-08,GLOBAL,4024,2866832.91,2,2,10,0,0,0,0
2019-10-09,GLOBAL,4126,2639314.84,3,2,10,0,0,0,0
2019-10-10,GLOBAL,4435,3161214.05,4,2,10,0,0,0,0
2019-10-11,GLOBAL,5052,3468390.6,5,2,10,0,0,0,0
2019-10-12,GLOBAL,3615,2173553.51,6,2,10,0,0,0,0
2019-10-13,GLOBAL,2839,1716758,0,2,10,0,0,0,0
2019-10-14,GLOBAL,3948,2786477.32,1,3,10,0,0,0,0
2019-10-15,GLOBAL,4256,3076533.69,2,3,10,0,0,0,0
2019-10-16,GLOBAL,4346,3064671.42,3,3,10,0,0,0,0
2019-10-17,GLOBAL,4195,3057941.65,4,3,10,0,0,0,0
2019-10-18,GLOBAL,5077,3565281.34,5,3,10,0,0,0,0
2019-10-19,GLOBAL,3720,2312537.11,6,3,10,0,0,0,0
2019-10-20,GLOBAL,2881,1784526.87,0,3,10,0,0,0,0
2019-10-21,GLOBAL,4010,2844489.78,1,4,10,0,0,0,0
2019-10-22,GLOBAL,3631,2037921.31,2,4,10,0,0,0,0
2019-10-23,GLOBAL,4221,2904981.7,3,4,10,0,0,0,0
2019-10-24,GLOBAL,4274,2910873.08,4,4,10,0,0,0,0
2019-10-25,GLOBAL,5335,3442029.3,5,4,10,0,0,1,0
2019-10-26,GLOBAL,3766,2169268.91,6,4,10,0,0,0,0
2019-10-27,GLOBAL,2918,1685496,0,4,10,0,0,0,0
2019-10-28,GLOBAL,4165,2998394.58,1,5,10,0,0,0,0
2019-10-29,GLOBAL,4229,2981316.24,2,5,10,0,0,0,0
2019-10-30,GLOBAL,4620,3402207.02,3,5,10,0,0,0,0
2019-10-31,GLOBAL,5488,4205332.6,4,5,10,1,0,0,0
2019-11-01,GLOBAL,6013,4041113.51,5,1,11,0,1,0,0
2019-11-02,GLOBAL,4181,2595407.97,6,1,11,0,0,0,0
2019-11-03,GLOBAL,3253,2037272.7,0,1,11,0,0,0,0
2019-11-04,GLOBAL,4537,3270726.79,1,2,11,0,0,0,0
2019-11-05,GLOBAL,4539,2991506.29,2,2,11,0,0,0,0
2019-11-06,GLOBAL,4571,3292997.26,3,2,11,0,0,0,0
2019-11-07,GLOBAL,3865,2649485.25,4,2,11,0,0,0,0
2019-11-08,GLOBAL,5441,3424684.84,5,2,11,0,0,0,0
2019-11-09,GLOBAL,3811,2257017.94,6,2,11,0,0,0,0
2019-11-10,GLOBAL,2890,1683896.71,0,2,11,0,0,0,0
2019-11-11,GLOBAL,3968,2761421.76,1,3,11,0,0,0,0
2019-11-12,GLOBAL,4043,2680277.86,2,3,11,0,0,0,0
2019-11-13,GLOBAL,4269,3173525.31,3,3,11,0,0,0,0
2019-11-14,GLOBAL,4369,2981386.56,4,3,11,0,0,0,0
2019-11-15,GLOBAL,5475,3752912.17,5,3,11,0,0,0,0
2019-11-16,GLOBAL,3931,2379008.39,6,3,11,0,0,0,0
2019-11-17,GLOBAL,2944,1816391.95,0,3,11,0,0,0,0
2019-11-18,GLOBAL,3941,2869056.98,1,4,11,0,0,0,0
2019-11-19,GLOBAL,4136,2988205,2,4,11,0,0,0,0
2019-11-20,GLOBAL,4311,2873613.55,3,4,11,0,0,0,0
2019-11-21,GLOBAL,4209,2911478.96,4,4,11,0,0,0,0
2019-11-22,GLOBAL,4884,3089760.69,5,4,11,0,0,0,0
2019-11-23,GLOBAL,3630,2114204.29,6,4,11,0,0,0,0
2019-11-24,GLOBAL,2808,1682729.47,0,4,11,0,0,0,0
2019-11-25,GLOBAL,4346,3178755,1,5,11,0,0,0,0
2019-11-26,GLOBAL,4220,3125165.58,2,5,11,0,0,0,0
2019-11-27,GLOBAL,4675,3501467.87,3,5,11,0,0,0,0
2019-11-28,GLOBAL,5014,3681429.16,4,5,11,0,0,0,0
2019-11-29,GLOBAL,5806,4112002.91,5,5,11,1,0,1,0
2019-11-30,GLOBAL,4372,2842446.01,6,5,11,0,0,0,0
2019-12-01,GLOBAL,3659,2487587.3,0,1,12,0,0,0,0
2019-12-02,GLOBAL,5066,4010504.45,1,2,12,0,1,0,0
2019-12-03,GLOBAL,4954,3733224.77,2,2,12,0,0,0,0
2019-12-04,GLOBAL,4840,3748867.39,3,2,12,0,0,0,0
2019-12-05,GLOBAL,4767,3618912.54,4,2,12,0,0,0,0
2019-12-06,GLOBAL,5417,3799214.01,5,2,12,0,0,0,0
2019-12-07,GLOBAL,3865,2385279.13,6,2,12,0,0,0,0
2019-12-08,GLOBAL,3052,1890735.63,0,2,12,0,0,0,0
2019-12-09,GLOBAL,4296,2691803.02,1,3,12,0,0,0,0
2019-12-10,GLOBAL,4422,3290955.21,2,3,12,0,0,0,0
2019-12-11,GLOBAL,4501,3214569.93,3,3,12,0,0,0,0
2019-12-12,GLOBAL,4598,3407872.37,4,3,12,0,0,0,0
2019-12-13,GLOBAL,5769,4149578.99,5,3,12,0,0,0,0
2019-12-14,GLOBAL,3748,2323907.23,6,3,12,0,0,0,0
2019-12-15,GLOBAL,3251,2095334.77,0,3,12,0,0,0,0
2019-12-16,GLOBAL,4692,3130072.7,1,4,12,0,0,0,0
2019-12-17,GLOBAL,4715,3417825.82,2,4,12,0,0,0,0
2019-12-18,GLOBAL,4985,3520533.36,3,4,12,0,0,0,0
2019-12-19,GLOBAL,5394,3527590.84,4,4,12,0,0,0,0
2019-12-20,GLOBAL,7311,4868089.58,5,4,12,0,0,0,0
2019-12-21,GLOBAL,5499,3218875.4,6,4,12,0,0,0,0
2019-12-22,GLOBAL,4423,2542500.47,0,4,12,0,0,0,0
2019-12-23,GLOBAL,7792,4681804.46,1,5,12,0,0,0,0
2019-12-24,GLOBAL,7576,3665025.25,2,5,12,0,0,0,0
2019-12-25,GLOBAL,3565,1818889.81,3,5,12,0,0,0,0
2019-12-26,GLOBAL,3495,2354127.17,4,5,12,0,0,0,0
2019-12-27,GLOBAL,4815,3197345.95,5,5,12,0,0,1,0
2019-12-28,GLOBAL,3667,2289414.86,6,5,12,0,0,0,0
2019-12-29,GLOBAL,3085,1872464.28,0,5,12,0,0,0,0
2019-12-30,GLOBAL,5051,3402635.88,1,6,12,0,0,0,0
2019-12-31,GLOBAL,5510,3507671.76,2,6,12,1,0,0,0
2020-01-01,GLOBAL,3337,2269942.72,3,1,1,0,0,0,1
2020-01-02,GLOBAL,4510,3333990.92,4,1,1,0,1,0,0
2020-01-03,GLOBAL,5102,3655282.02,5,1,1,0,0,0,0
2020-01-04,GLOBAL,3927,2549591.45,6,1,1,0,0,0,0
2020-01-05,GLOBAL,3173,2054503.47,0,1,1,0,0,0,0
2020-01-06,GLOBAL,4427,3134022.41,1,2,1,0,0,0,0
2020-01-07,GLOBAL,4479,3283446.48,2,2,1,0,0,0,0
2020-01-08,GLOBAL,4357,3183692.03,3,2,1,0,0,0,0
2020-01-09,GLOBAL,4432,2985376.53,4,2,1,0,0,0,0
2020-01-10,GLOBAL,5265,3464730.04,5,2,1,0,0,0,0
2020-01-11,GLOBAL,3856,2292279.92,6,2,1,0,0,0,0
2020-01-12,GLOBAL,3005,1796706.28,0,2,1,0,0,0,0
2020-01-13,GLOBAL,4136,2678402.49,1,3,1,0,0,0,0
2020-01-14,GLOBAL,4260,3022923.48,2,3,1,0,0,0,0
2020-01-15,GLOBAL,4651,3239530.03,3,3,1,0,0,0,0
2020-01-16,GLOBAL,4543,3234089.04,4,3,1,0,0,0,0
2020-01-17,GLOBAL,5084,3283324.68,5,3,1,0,0,0,0
2020-01-18,GLOBAL,3758,2182629.15,6,3,1,0,0,0,0
2020-01-19,GLOBAL,2948,1750608.74,0,3,1,0,0,0,0
2020-01-20,GLOBAL,4201,2733005.07,1,4,1,0,0,0,0
2020-01-21,GLOBAL,4079,2860472.31,2,4,1,0,0,0,0
2020-01-22,GLOBAL,4111,2993673.18,3,4,1,0,0,0,0
2020-01-23,GLOBAL,4285,3064281.72,4,4,1,0,0,0,0
2020-01-24,GLOBAL,5434,3515622.17,5,4,1,0,0,0,0
2020-01-25,GLOBAL,3878,2320172.67,6,4,1,0,0,0,0
2020-01-26,GLOBAL,3019,1835631.86,0,4,1,0,0,0,0
2020-01-27,GLOBAL,4175,2904287.48,1,5,1,0,0,0,0
2020-01-28,GLOBAL,4345,3088367.64,2,5,1,0,0,0,0
2020-01-29,GLOBAL,4481,3196237.59,3,5,1,0,0,0,0
2020-01-30,GLOBAL,4901,3485880.52,4,5,1,0,0,0,0
2020-01-31,GLOBAL,6502,4828857.31,5,5,1,1,0,1,0
2020-02-01,GLOBAL,4928,3226886.97,6,1,2,0,0,0,0
2020-02-02,GLOBAL,3709,2404750,0,1,2,0,0,0,0
2020-02-03,GLOBAL,4987,3394385.09,1,2,2,0,1,0,0
2020-02-04,GLOBAL,4786,3454704.88,2,2,2,0,0,0,0
2020-02-05,GLOBAL,4765,3380048.48,3,2,2,0,0,0,0
2020-02-06,GLOBAL,4732,2890453.09,4,2,2,0,0,0,0
2020-02-07,GLOBAL,5436,3458991.74,5,2,2,0,0,0,0
2020-02-08,GLOBAL,4012,2301608.31,6,2,2,0,0,0,0
2020-02-09,GLOBAL,3137,1771574.67,0,2,2,0,0,0,0
2020-02-10,GLOBAL,4450,2972961.45,1,3,2,0,0,0,0
2020-02-11,GLOBAL,4312,3000761.65,2,3,2,0,0,0,0
2020-02-12,GLOBAL,4602,3037781.56,3,3,2,0,0,0,0
2020-02-13,GLOBAL,4853,3183315.17,4,3,2,0,0,0,0
2020-02-14,GLOBAL,6056,3580165.61,5,3,2,0,0,0,0
2020-02-15,GLOBAL,4027,2353646.24,6,3,2,0,0,0,0
2020-02-16,GLOBAL,3134,1857334.93,0,3,2,0,0,0,0
2020-02-17,GLOBAL,4193,2621688.06,1,4,2,0,0,0,0
2020-02-18,GLOBAL,4111,2740725.46,2,4,2,0,0,0,0
2020-02-19,GLOBAL,4376,2868389.9,3,4,2,0,0,0,0
2020-02-20,GLOBAL,4704,3138741.04,4,4,2,0,0,0,0
2020-02-21,GLOBAL,5015,3086924.34,5,4,2,0,0,0,0
2020-02-22,GLOBAL,4029,2334218.68,6,4,2,0,0,0,0
2020-02-23,GLOBAL,3010,1683514.37,0,4,2,0,0,0,0
2020-02-24,GLOBAL,4206,2636983.64,1,5,2,0,0,0,0
2020-02-25,GLOBAL,4616,2936710.67,2,5,2,0,0,0,0
2020-02-26,GLOBAL,4796,3398267.92,3,5,2,0,0,0,0
2020-02-27,GLOBAL,5135,3799694.55,4,5,2,0,0,0,0
2020-02-28,GLOBAL,6918,4967413.02,5,5,2,1,0,1,0
2020-02-29,GLOBAL,5036,3359804.86,6,5,2,0,0,0,0
2020-03-01,GLOBAL,4056,2716419.94,0,1,3,0,0,0,0
2020-03-02,GLOBAL,5525,4142130.08,1,2,3,0,1,0,0
2020-03-03,GLOBAL,5338,4124932.47,2,2,3,0,0,0,0
2020-03-04,GLOBAL,5253,3922290.12,3,2,3,0,0,0,0
2020-03-05,GLOBAL,5299,4000257.02,4,2,3,0,0,0,0
2020-03-06,GLOBAL,5975,4185049.31,5,2,3,0,0,0,0
2020-03-07,GLOBAL,4391,2804575.02,6,2,3,0,0,0,0
2020-03-08,GLOBAL,3391,2177798.76,0,2,3,0,0,0,0
2020-03-09,GLOBAL,4600,3374014.04,1,3,3,0,0,0,0
2020-03-10,GLOBAL,4814,3794981.54,2,3,3,0,0,0,0
2020-03-11,GLOBAL,4751,3431120.56,3,3,3,0,0,0,0
2020-03-12,GLOBAL,4910,3089477.19,4,3,3,0,0,0,0
2020-03-13,GLOBAL,5967,4225394.53,5,3,3,0,0,0,0
2020-03-14,GLOBAL,4357,2657607.47,6,3,3,0,0,0,0
2020-03-15,GLOBAL,3344,1967699.47,0,3,3,0,0,0,0
2020-03-16,GLOBAL,4557,3129391.33,1,4,3,0,0,0,0
2020-03-17,GLOBAL,4442,3107151.14,2,4,3,0,0,0,0
2020-03-18,GLOBAL,4570,2796752.71,3,4,3,0,0,0,0
2020-03-19,GLOBAL,4629,3166493.84,4,4,3,0,0,0,0
2020-03-20,GLOBAL,5542,3449084.67,5,4,3,0,0,0,0
2020-03-21,GLOBAL,4167,2206160.36,6,4,3,0,0,0,0
2020-03-22,GLOBAL,3162,1590699.82,0,4,3,0,0,0,0
2020-03-23,GLOBAL,4218,2700781.16,1,5,3,0,0,0,0
2020-03-24,GLOBAL,4530,2926861.78,2,5,3,0,0,0,0
2020-03-25,GLOBAL,5135,3331862.73,3,5,3,0,0,0,0
2020-03-26,GLOBAL,5287,3366530.43,4,5,3,0,0,0,0
2020-03-27,GLOBAL,6447,3655960.08,5,5,3,0,0,1,0
2020-03-28,GLOBAL,5272,2786605.58,6,5,3,0,0,0,0
2020-03-29,GLOBAL,3839,1964428.12,0,5,3,0,0,0,0
2020-03-30,GLOBAL,4664,2516062.86,1,6,3,0,0,0,0
2020-03-31,GLOBAL,5769,3652372.51,2,6,3,1,0,0,0
2020-04-01,GLOBAL,5909,3819032.68,3,1,4,0,1,0,0
2020-04-02,GLOBAL,5714,3418948.23,4,1,4,0,0,0,0
2020-04-03,GLOBAL,6207,3585493.21,5,1,4,0,0,0,0
2020-04-04,GLOBAL,4797,2414712.37,6,1,4,0,0,0,0
2020-04-05,GLOBAL,3804,1846052.65,0,1,4,0,0,0,0
2020-04-06,GLOBAL,4981,2912540.59,1,2,4,0,0,0,0
2020-04-07,GLOBAL,5173,2653914.12,2,2,4,0,0,0,0
2020-04-08,GLOBAL,5457,3145594.73,3,2,4,0,0,0,0
2020-04-09,GLOBAL,5926,3342906.56,4,2,4,0,0,0,0
2020-04-10,GLOBAL,5883,3131415.01,5,2,4,0,0,0,0
2020-04-11,GLOBAL,4832,2176391.78,6,2,4,0,0,0,0
2020-04-12,GLOBAL,3883,1671571.44,0,2,4,0,0,0,0
2020-04-13,GLOBAL,4522,2452160.27,1,3,4,0,0,0,0
2020-04-14,GLOBAL,5602,3566881.16,2,3,4,0,0,0,0
2020-04-15,GLOBAL,6692,3363198.64,3,3,4,0,0,0,0
2020-04-16,GLOBAL,6423,3749952.79,4,3,4,0,0,0,0
2020-04-17,GLOBAL,6808,3971762.6,5,3,4,0,0,0,0
2020-04-18,GLOBAL,5376,2804298.42,6,3,4,0,0,0,0
2020-04-19,GLOBAL,4445,2209919.81,0,3,4,0,0,0,0
2020-04-20,GLOBAL,5624,3405366.56,1,4,4,0,0,0,0
2020-04-21,GLOBAL,5778,3076099.93,2,4,4,0,0,0,0
2020-04-22,GLOBAL,5834,3524260.97,3,4,4,0,0,0,0
2020-04-23,GLOBAL,5215,3114401.04,4,4,4,0,0,0,0
2020-04-24,GLOBAL,7311,4087389.96,5,4,4,0,0,1,0
2020-04-25,GLOBAL,5371,2955259.43,6,4,4,0,0,0,0
2020-04-26,GLOBAL,4347,2285228.63,0,4,4,0,0,0,0
2020-04-27,GLOBAL,6014,4060244.42,1,5,4,0,0,0,0
2020-04-28,GLOBAL,6157,4204443.19,2,5,4,0,0,0,0
2020-04-29,GLOBAL,6609,4348872.5,3,5,4,0,0,0,0
2020-04-30,GLOBAL,7839,5466118.45,4,5,4,1,0,0,0
2020-05-01,GLOBAL,8081,4897505.81,5,1,5,0,1,0,0
2020-05-02,GLOBAL,6140,3479380.54,6,1,5,0,0,0,0
2020-05-03,GLOBAL,4933,2787086.83,0,1,5,0,0,0,0
2020-05-04,GLOBAL,6475,4317394.2,1,2,5,0,0,0,0
2020-05-05,GLOBAL,6674,4577733.74,2,2,5,0,0,0,0
2020-05-06,GLOBAL,6465,4264448.44,3,2,5,0,0,0,0
2020-05-07,GLOBAL,6938,4041598.94,4,2,5,0,0,0,0
2020-05-08,GLOBAL,7232,4768368.96,5,2,5,0,0,0,0
2020-05-09,GLOBAL,5516,3070786.76,6,2,5,0,0,0,0
2020-05-10,GLOBAL,5591,2841731.35,0,2,5,0,0,0,0
2020-05-11,GLOBAL,5875,4020722.18,1,3,5,0,0,0,0
2020-05-12,GLOBAL,6032,4114900.74,2,3,5,0,0,0,0
2020-05-13,GLOBAL,6183,4205518.9,3,3,5,0,0,0,0
2020-05-14,GLOBAL,6353,4315308.34,4,3,5,0,0,0,0
2020-05-15,GLOBAL,7521,4269600.21,5,3,5,0,0,0,0
2020-05-16,GLOBAL,5640,3315315.89,6,3,5,0,0,0,0
2020-05-17,GLOBAL,4710,2655222.33,0,3,5,0,0,0,0
2020-05-18,GLOBAL,6346,4594111.58,1,4,5,0,0,0,0
2020-05-19,GLOBAL,6442,4942956.92,2,4,5,0,0,0,0
2020-05-20,GLOBAL,7038,5265813.1,3,4,5,0,0,0,0
2020-05-21,GLOBAL,6833,4672367.94,4,4,5,0,0,0,0
2020-05-22,GLOBAL,7767,4359556.51,5,4,5,0,0,0,0
2020-05-23,GLOBAL,5963,3236894.23,6,4,5,0,0,0,0
2020-05-24,GLOBAL,4387,2444755.69,0,4,5,0,0,0,0
2020-05-25,GLOBAL,5352,3790598.2,1,5,5,0,0,0,0
2020-05-26,GLOBAL,6006,4894053.73,2,5,5,0,0,0,0
2020-05-27,GLOBAL,6314,5027600.72,3,5,5,0,0,0,0
2020-05-28,GLOBAL,6538,5198010.76,4,5,5,0,0,0,0
2020-05-29,GLOBAL,8305,6331651.72,5,5,5,1,0,1,0
2020-05-30,GLOBAL,6077,4039800.13,6,5,5,0,0,0,0
2020-05-31,GLOBAL,5115,3465824.06,0,5,5,0,0,0,0
2020-06-01,GLOBAL,7222,6002219.29,1,2,6,0,1,0,0
2020-06-02,GLOBAL,6984,5939085.21,2,2,6,0,0,0,0
2020-06-03,GLOBAL,7129,6209670.24,3,2,6,0,0,0,0
2020-06-04,GLOBAL,6943,5772523.5,4,2,6,0,0,0,0
2020-06-05,GLOBAL,7641,5935559.99,5,2,6,0,0,0,0
2020-06-06,GLOBAL,5730,3725498.05,6,2,6,0,0,0,0
2020-06-07,GLOBAL,4663,3049642.54,0,2,6,0,0,0,0
2020-06-08,GLOBAL,6112,4798631.1,1,3,6,0,0,0,0
2020-06-09,GLOBAL,6113,4915197.66,2,3,6,0,0,0,0
2020-06-10,GLOBAL,6590,5441676.03,3,3,6,0,0,0,0
2020-06-11,GLOBAL,6346,4765427.08,4,3,6,0,0,0,0
2020-06-12,GLOBAL,7138,3051383.49,5,3,6,0,0,0,0
2020-06-13,GLOBAL,5542,3405805.64,6,3,6,0,0,0,0
2020-06-14,GLOBAL,4551,2909389.25,0,3,6,0,0,0,0
2020-06-15,GLOBAL,6375,5082935.71,1,4,6,0,0,0,0
2020-06-16,GLOBAL,6335,5389124.57,2,4,6,0,0,0,0
2020-06-17,GLOBAL,6192,4820878.59,3,4,6,0,0,0,0
2020-06-18,GLOBAL,6240,4777116,4,4,6,0,0,0,0
2020-06-19,GLOBAL,6991,4234159.58,5,4,6,0,0,0,0
2020-06-20,GLOBAL,5331,3315957.16,6,4,6,0,0,0,0
2020-06-21,GLOBAL,4642,2813099.06,0,4,6,0,0,0,0
2020-06-22,GLOBAL,5800,4680712.92,1,5,6,0,0,0,0
2020-06-23,GLOBAL,5799,4777378.48,2,5,6,0,0,0,0
2020-06-24,GLOBAL,5988,4792389.78,3,5,6,0,0,0,0
2020-06-25,GLOBAL,6527,5039858.06,4,5,6,0,0,0,0
2020-06-26,GLOBAL,7463,5290814.79,5,5,6,0,0,1,0
2020-06-27,GLOBAL,5526,3508913.64,6,5,6,0,0,0,0
2020-06-28,GLOBAL,4598,3000838.45,0,5,6,0,0,0,0
2020-06-29,GLOBAL,6378,5142451.81,1,6,6,0,0,0,0
2020-06-30,GLOBAL,7745,6354403.11,2,6,6,1,0,0,0
2020-07-01,GLOBAL,8139,6753353.43,3,1,7,0,1,0,0
2020-07-02,GLOBAL,7655,6145726.81,4,1,7,0,0,0,0
2020-07-03,GLOBAL,7827,3696369.66,5,1,7,0,0,0,0
2020-07-04,GLOBAL,5649,3576724.58,6,1,7,0,0,0,0
2020-07-05,GLOBAL,4669,2955438.76,0,1,7,0,0,0,0
2020-07-06,GLOBAL,6382,4928086.98,1,2,7,0,0,0,0
2020-07-07,GLOBAL,6503,5090683.64,2,2,7,0,0,0,0
2020-07-08,GLOBAL,6527,4750381.91,3,2,7,0,0,0,0
2020-07-09,GLOBAL,6649,5574791.35,4,2,7,0,0,0,0
2020-07-10,GLOBAL,7356,5404631.62,5,2,7,0,0,0,0
2020-07-11,GLOBAL,5502,3547804.09,6,2,7,0,0,0,0
2020-07-12,GLOBAL,4489,2968208.26,0,2,7,0,0,0,0
2020-07-13,GLOBAL,6120,4476322.99,1,3,7,0,0,0,0
2020-07-14,GLOBAL,6135,4982122.32,2,3,7,0,0,0,0
2020-07-15,GLOBAL,6947,5742519.16,3,3,7,0,0,0,0
2020-07-16,GLOBAL,6602,5095639.49,4,3,7,0,0,0,0
2020-07-17,GLOBAL,7055,4896847.73,5,3,7,0,0,0,0
2020-07-18,GLOBAL,5338,3420870.75,6,3,7,0,0,0,0
2020-07-19,GLOBAL,4384,2882526.19,0,3,7,0,0,0,0
2020-07-20,GLOBAL,6143,4515673.74,1,4,7,0,0,0,0
2020-07-21,GLOBAL,6164,5481965.94,2,4,7,0,0,0,0
2020-07-22,GLOBAL,6534,5950207.91,3,4,7,0,0,0,0
2020-07-23,GLOBAL,6545,5508354.75,4,4,7,0,0,0,0
2020-07-24,GLOBAL,7618,5774725.49,5,4,7,0,0,0,0
2020-07-25,GLOBAL,5714,3796254.69,6,4,7,0,0,0,0
2020-07-26,GLOBAL,4796,3249095.4,0,4,7,0,0,0,0
2020-07-27,GLOBAL,6771,5648394.6,1,5,7,0,0,0,0
2020-07-28,GLOBAL,6865,5012146.31,2,5,7,0,0,0,0
2020-07-29,GLOBAL,7379,6153050.28,3,5,7,0,0,0,0
2020-07-30,GLOBAL,7877,5691375.48,4,5,7,0,0,0,0
2020-07-31,GLOBAL,8479,6545184.47,5,5,7,1,0,1,0
2020-08-01,GLOBAL,6282,4174224.31,6,1,8,0,0,0,0
2020-08-02,GLOBAL,5109,3381113.48,0,1,8,0,0,0,0
2020-08-03,GLOBAL,6915,4499195.03,1,2,8,0,1,0,0
2020-08-04,GLOBAL,6623,5247943.6,2,2,8,0,0,0,0
2020-08-05,GLOBAL,6898,5965762.53,3,2,8,0,0,0,0
2020-08-06,GLOBAL,6728,5150798.51,4,2,8,0,0,0,0
2020-08-07,GLOBAL,7174,5002051.58,5,2,8,0,0,0,0
2020-08-08,GLOBAL,5283,3247233.32,6,2,8,0,0,0,0
2020-08-09,GLOBAL,4321,2653372.13,0,2,8,0,0,0,0
2020-08-10,GLOBAL,5881,3920755.13,1,3,8,0,0,0,0
2020-08-11,GLOBAL,5949,4569351.76,2,3,8,0,0,0,0
2020-08-12,GLOBAL,6004,4420802.1,3,3,8,0,0,0,0
2020-08-13,GLOBAL,6280,4802813.63,4,3,8,0,0,0,0
2020-08-14,GLOBAL,7285,5173904.4,5,3,8,0,0,0,0
2020-08-15,GLOBAL,5445,3370276.72,6,3,8,0,0,0,0
2020-08-16,GLOBAL,4652,2945395.46,0,3,8,0,0,0,0
2020-08-17,GLOBAL,5707,3809642.54,1,4,8,0,0,0,0
2020-08-18,GLOBAL,5661,4529683.82,2,4,8,0,0,0,0
2020-08-19,GLOBAL,5825,4613695.79,3,4,8,0,0,0,0
2020-08-20,GLOBAL,5749,4161936.84,4,4,8,0,0,0,0
2020-08-21,GLOBAL,6336,4141397.9,5,4,8,0,0,0,0
2020-08-22,GLOBAL,4964,2893422.43,6,4,8,0,0,0,0
2020-08-23,GLOBAL,4024,2421937.1,0,4,8,0,0,0,0
2020-08-24,GLOBAL,5495,4146129.72,1,5,8,0,0,0,0
2020-08-25,GLOBAL,6011,4254286.74,2,5,8,0,0,0,0
2020-08-26,GLOBAL,6074,4504969.18,3,5,8,0,0,0,0
2020-08-27,GLOBAL,6515,4988875.68,4,5,8,0,0,0,0
2020-08-28,GLOBAL,7686,5824916.34,5,5,8,0,0,1,0
2020-08-29,GLOBAL,5622,3778264.55,6,5,8,0,0,0,0
2020-08-30,GLOBAL,4618,3133444.45,0,5,8,0,0,0,0
2020-08-31,GLOBAL,6772,5288278.45,1,6,8,1,0,0,0
2020-09-01,GLOBAL,7409,5993345.96,2,1,9,0,1,0,0
2020-09-02,GLOBAL,6717,5056381.07,3,1,9,0,0,0,0
2020-09-03,GLOBAL,6702,4127682.91,4,1,9,0,0,0,0
2020-09-04,GLOBAL,7294,4783731.59,5,1,9,0,0,0,0
2020-09-05,GLOBAL,5529,3272774.56,6,1,9,0,0,0,0
2020-09-06,GLOBAL,4364,2564103.32,0,1,9,0,0,0,0
2020-09-07,GLOBAL,5734,3570798.07,1,2,9,0,0,0,0
2020-09-08,GLOBAL,5573,3999083.07,2,2,9,0,0,0,0
2020-09-09,GLOBAL,5997,4410597.45,3,2,9,0,0,0,0
2020-09-10,GLOBAL,6266,4584278.46,4,2,9,0,0,0,0
2020-09-11,GLOBAL,6893,4618182.74,5,2,9,0,0,0,0
2020-09-12,GLOBAL,5126,3087169.97,6,2,9,0,0,0,0
2020-09-13,GLOBAL,4176,2663794.93,0,2,9,0,0,0,0
2020-09-14,GLOBAL,5765,4189308.22,1,3,9,0,0,0,0
2020-09-15,GLOBAL,6294,4888208.86,2,3,9,0,0,0,0
2020-09-16,GLOBAL,6060,4600150.78,3,3,9,0,0,0,0
2020-09-17,GLOBAL,6026,4503861.33,4,3,9,0,0,0,0
2020-09-18,GLOBAL,6976,4764004.35,5,3,9,0,0,0,0
2020-09-19,GLOBAL,5044,3095516.41,6,3,9,0,0,0,0
2020-09-20,GLOBAL,4025,2532944.87,0,3,9,0,0,0,0
2020-09-21,GLOBAL,5664,3883333.32,1,4,9,0,0,0,0
2020-09-22,GLOBAL,5477,4054293.13,2,4,9,0,0,0,0
2020-09-23,GLOBAL,5733,4303731.2,3,4,9,0,0,0,0
2020-09-24,GLOBAL,6021,4552769.66,4,4,9,0,0,0,0
2020-09-25,GLOBAL,7316,5071740.52,5,4,9,0,0,1,0
2020-09-26,GLOBAL,5345,3313560.75,6,4,9,0,0,0,0
2020-09-27,GLOBAL,4369,2870749.41,0,4,9,0,0,0,0
2020-09-28,GLOBAL,6159,4643469.85,1,5,9,0,0,0,0
2020-09-29,GLOBAL,6300,5155968.53,2,5,9,0,0,0,0
2020-09-30,GLOBAL,7655,6135032.32,3,5,9,1,0,0,0
2020-10-01,GLOBAL,8370,6605300.81,4,1,10,0,1,0,0
2020-10-02,GLOBAL,8333,5765429.01,5,1,10,0,0,0,0
2020-10-03,GLOBAL,6181,3948985.87,6,1,10,0,0,0,0
2020-10-04,GLOBAL,4940,3237376.1,0,1,10,0,0,0,0
2020-10-05,GLOBAL,6650,5135677.47,1,2,10,0,0,0,0
2020-10-06,GLOBAL,5970,4093960.04,2,2,10,0,0,0,0
2020-10-07,GLOBAL,6497,4664429.55,3,2,10,0,0,0,0
2020-10-08,GLOBAL,6554,4819110.06,4,2,10,0,0,0,0
2020-10-09,GLOBAL,7211,4794236.36,5,2,10,0,0,0,0
2020-10-10,GLOBAL,5487,3568122.39,6,2,10,0,0,0,0
2020-10-11,GLOBAL,4436,2908713.51,0,2,10,0,0,0,0
2020-10-12,GLOBAL,5726,3834175.16,1,3,10,0,0,0,0
2020-10-13,GLOBAL,5545,4138082.94,2,3,10,0,0,0,0
2020-10-14,GLOBAL,6127,4577649.95,3,3,10,0,0,0,0
2020-10-15,GLOBAL,6647,4936219.23,4,3,10,0,0,0,0
2020-10-16,GLOBAL,7056,4930367.21,5,3,10,0,0,0,0
2020-10-17,GLOBAL,5204,3227774.69,6,3,10,0,0,0,0
2020-10-18,GLOBAL,4218,2570329.3,0,3,10,0,0,0,0
2020-10-19,GLOBAL,5681,4156051.69,1,4,10,0,0,0,0
2020-10-20,GLOBAL,5893,4041628,2,4,10,0,0,0,0
2020-10-21,GLOBAL,6004,4902663.11,3,4,10,0,0,0,0
2020-10-22,GLOBAL,6020,4193429.91,4,4,10,0,0,0,0
2020-10-23,GLOBAL,6990,4616906.74,5,4,10,0,0,0,0
2020-10-24,GLOBAL,5193,3115489.94,6,4,10,0,0,0,0
2020-10-25,GLOBAL,4080,2543195.2,0,4,10,0,0,0,0
2020-10-26,GLOBAL,5614,3492112.37,1,5,10,0,0,0,0
2020-10-27,GLOBAL,5891,4449424.13,2,5,10,0,0,0,0
2020-10-28,GLOBAL,6013,4734693.59,3,5,10,0,0,0,0
2020-10-29,GLOBAL,6308,4606828.5,4,5,10,0,0,0,0
2020-10-30,GLOBAL,8239,5952669.99,5,5,10,1,0,1,0
2020-10-31,GLOBAL,6113,3837031.08,6,5,10,0,0,0,0
2020-11-01,GLOBAL,5031,3308885.3,0,1,11,0,0,0,0
2020-11-02,GLOBAL,6646,5120917.12,1,2,11,0,1,0,0
2020-11-03,GLOBAL,6759,4974177.24,2,2,11,0,0,0,0
2020-11-04,GLOBAL,6147,4996258.44,3,2,11,0,0,0,0
2020-11-05,GLOBAL,6731,5351479.62,4,2,11,0,0,0,0
2020-11-06,GLOBAL,7450,5432228.75,5,2,11,0,0,0,0
2020-11-07,GLOBAL,5608,3670242.08,6,2,11,0,0,0,0
2020-11-08,GLOBAL,4512,2991848.04,0,2,11,0,0,0,0
2020-11-09,GLOBAL,6037,4603335.28,1,3,11,0,0,0,0
2020-11-10,GLOBAL,6301,4927437.53,2,3,11,0,0,0,0
2020-11-11,GLOBAL,6183,4932155.71,3,3,11,0,0,0,0
2020-11-12,GLOBAL,6298,4354785.92,4,3,11,0,0,0,0
2020-11-13,GLOBAL,7377,4960434.14,5,3,11,0,0,0,0
2020-11-14,GLOBAL,5644,3483246.45,6,3,11,0,0,0,0
2020-11-15,GLOBAL,4508,2755218.1,0,3,11,0,0,0,0
2020-11-16,GLOBAL,5874,4083316.25,1,4,11,0,0,0,0
2020-11-17,GLOBAL,5939,4534282.33,2,4,11,0,0,0,0
2020-11-18,GLOBAL,5926,4471202.31,3,4,11,0,0,0,0
2020-11-19,GLOBAL,5949,4022310.7,4,4,11,0,0,0,0
2020-11-20,GLOBAL,7058,4605802.14,5,4,11,0,0,0,0
2020-11-21,GLOBAL,5251,3177725.04,6,4,11,0,0,0,0
2020-11-22,GLOBAL,4174,2576619.91,0,4,11,0,0,0,0
2020-11-23,GLOBAL,5554,4063799.09,1,5,11,0,0,0,0
2020-11-24,GLOBAL,5821,4606946.43,2,5,11,0,0,0,0
2020-11-25,GLOBAL,6634,5140928.34,3,5,11,0,0,0,0
2020-11-26,GLOBAL,6650,4958220.45,4,5,11,0,0,0,0
2020-11-27,GLOBAL,6990,4928853.86,5,5,11,0,0,1,0
2020-11-28,GLOBAL,5981,3911454.86,6,5,11,0,0,0,0
2020-11-29,GLOBAL,4785,3310413.17,0,5,11,0,0,0,0
2020-11-30,GLOBAL,7443,5829241.55,1,6,11,1,0,0,0
2020-12-01,GLOBAL,,,2,1,12,0,1,0,0
2020-12-02,GLOBAL,,,3,1,12,0,0,0,0
2020-12-03,GLOBAL,,,4,1,12,0,0,0,0
2020-12-04,GLOBAL,,,5,1,12,0,0,0,0
2020-12-05,GLOBAL,,,6,1,12,0,0,0,0
2020-12-06,GLOBAL,,,0,1,12,0,0,0,0
2020-12-07,GLOBAL,,,1,2,12,0,0,0,0
2020-12-08,GLOBAL,,,2,2,12,0,0,0,0
2020-12-09,GLOBAL,,,3,2,12,0,0,0,0
2020-12-10,GLOBAL,,,4,2,12,0,0,0,0
2020-12-11,GLOBAL,,,5,2,12,0,0,0,0
2020-12-12,GLOBAL,,,6,2,12,0,0,0,0
2020-12-13,GLOBAL,,,0,2,12,0,0,0,0
2020-12-14,GLOBAL,,,1,3,12,0,0,0,0
2020-12-15,GLOBAL,,,2,3,12,0,0,0,0
2020-12-16,GLOBAL,,,3,3,12,0,0,0,0
2020-12-17,GLOBAL,,,4,3,12,0,0,0,0
2020-12-18,GLOBAL,,,5,3,12,0,0,0,0
2020-12-19,GLOBAL,,,6,3,12,0,0,0,0
2020-12-20,GLOBAL,,,0,3,12,0,0,0,0
2020-12-21,GLOBAL,,,1,4,12,0,0,0,0
2020-12-22,GLOBAL,,,2,4,12,0,0,0,0
2020-12-23,GLOBAL,,,3,4,12,0,0,0,0
2020-12-24,GLOBAL,,,4,4,12,0,0,0,0
2020-12-25,GLOBAL,,,5,4,12,0,0,1,0
2020-12-26,GLOBAL,,,6,4,12,0,0,0,0
2020-12-27,GLOBAL,,,0,4,12,0,0,0,0
2020-12-28,GLOBAL,,,1,5,12,0,0,0,0
2020-12-29,GLOBAL,,,2,5,12,0,0,0,0
2020-12-30,GLOBAL,,,3,5,12,0,0,0,0
2020-12-31,GLOBAL,,,4,5,12,1,0,0,0
2021-01-01,GLOBAL,,,5,1,1,0,0,0,1
2021-01-02,GLOBAL,,,6,1,1,0,0,0,0
2021-01-03,GLOBAL,,,0,1,1,0,0,0,0
2021-01-04,GLOBAL,,,1,2,1,0,1,0,0
2021-01-05,GLOBAL,,,2,2,1,0,0,0,0
2021-01-06,GLOBAL,,,3,2,1,0,0,0,0
2021-01-07,GLOBAL,,,4,2,1,0,0,0,0
2021-01-08,GLOBAL,,,5,2,1,0,0,0,0
2021-01-09,GLOBAL,,,6,2,1,0,0,0,0
2021-01-10,GLOBAL,,,0,2,1,0,0,0,0
2021-01-11,GLOBAL,,,1,3,1,0,0,0,0
2021-01-12,GLOBAL,,,2,3,1,0,0,0,0
2021-01-13,GLOBAL,,,3,3,1,0,0,0,0
2021-01-14,GLOBAL,,,4,3,1,0,0,0,0
2021-01-15,GLOBAL,,,5,3,1,0,0,0,0
2021-01-16,GLOBAL,,,6,3,1,0,0,0,0
2021-01-17,GLOBAL,,,0,3,1,0,0,0,0
2021-01-18,GLOBAL,,,1,4,1,0,0,0,0
2021-01-19,GLOBAL,,,2,4,1,0,0,0,0
2021-01-20,GLOBAL,,,3,4,1,0,0,0,0
2021-01-21,GLOBAL,,,4,4,1,0,0,0,0
2021-01-22,GLOBAL,,,5,4,1,0,0,0,0
2021-01-23,GLOBAL,,,6,4,1,0,0,0,0
2021-01-24,GLOBAL,,,0,4,1,0,0,0,0
2021-01-25,GLOBAL,,,1,5,1,0,0,0,0
2021-01-26,GLOBAL,,,2,5,1,0,0,0,0
2021-01-27,GLOBAL,,,3,5,1,0,0,0,0
2021-01-28,GLOBAL,,,4,5,1,0,0,0,0
2021-01-29,GLOBAL,,,5,5,1,1,0,1,0
2021-01-30,GLOBAL,,,6,5,1,0,0,0,0
2021-01-31,GLOBAL,,,0,5,1,0,0,0,0
2021-02-01,GLOBAL,,,1,2,2,0,1,0,0
2021-02-02,GLOBAL,,,2,2,2,0,0,0,0
2021-02-03,GLOBAL,,,3,2,2,0,0,0,0
2021-02-04,GLOBAL,,,4,2,2,0,0,0,0
2021-02-05,GLOBAL,,,5,2,2,0,0,0,0
2021-02-06,GLOBAL,,,6,2,2,0,0,0,0
2021-02-07,GLOBAL,,,0,2,2,0,0,0,0
2021-02-08,GLOBAL,,,1,3,2,0,0,0,0
2021-02-09,GLOBAL,,,2,3,2,0,0,0,0
2021-02-10,GLOBAL,,,3,3,2,0,0,0,0
2021-02-11,GLOBAL,,,4,3,2,0,0,0,0
2021-02-12,GLOBAL,,,5,3,2,0,0,0,0
2021-02-13,GLOBAL,,,6,3,2,0,0,0,0
2021-02-14,GLOBAL,,,0,3,2,0,0,0,0
2021-02-15,GLOBAL,,,1,4,2,0,0,0,0
2021-02-16,GLOBAL,,,2,4,2,0,0,0,0
2021-02-17,GLOBAL,,,3,4,2,0,0,0,0
2021-02-18,GLOBAL,,,4,4,2,0,0,0,0
2021-02-19,GLOBAL,,,5,4,2,0,0,0,0
2021-02-20,GLOBAL,,,6,4,2,0,0,0,0
2021-02-21,GLOBAL,,,0,4,2,0,0,0,0
2021-02-22,GLOBAL,,,1,5,2,0,0,0,0
2021-02-23,GLOBAL,,,2,5,2,0,0,0,0
2021-02-24,GLOBAL,,,3,5,2,0,0,0,0
2021-02-25,GLOBAL,,,4,5,2,0,0,0,0
2021-02-26,GLOBAL,,,5,5,2,1,0,1,0
2021-02-27,GLOBAL,,,6,5,2,0,0,0,0
2021-02-28,GLOBAL,,,0,5,2,0,0,0,0
2021-03-01,GLOBAL,,,1,2,3,0,1,0,0
2021-03-02,GLOBAL,,,2,2,3,0,0,0,0
2021-03-03,GLOBAL,,,3,2,3,0,0,0,0
2021-03-04,GLOBAL,,,4,2,3,0,0,0,0
2021-03-05,GLOBAL,,,5,2,3,0,0,0,0
2021-03-06,GLOBAL,,,6,2,3,0,0,0,0
2021-03-07,GLOBAL,,,0,2,3,0,0,0,0
2021-03-08,GLOBAL,,,1,3,3,0,0,0,0
2021-03-09,GLOBAL,,,2,3,3,0,0,0,0
2021-03-10,GLOBAL,,,3,3,3,0,0,0,0
2021-03-11,GLOBAL,,,4,3,3,0,0,0,0
2021-03-12,GLOBAL,,,5,3,3,0,0,0,0
2021-03-13,GLOBAL,,,6,3,3,0,0,0,0
2021-03-14,GLOBAL,,,0,3,3,0,0,0,0
2021-03-15,GLOBAL,,,1,4,3,0,0,0,0
2021-03-16,GLOBAL,,,2,4,3,0,0,0,0
2021-03-17,GLOBAL,,,3,4,3,0,0,0,0
2021-03-18,GLOBAL,,,4,4,3,0,0,0,0
2021-03-19,GLOBAL,,,5,4,3,0,0,0,0
2021-03-20,GLOBAL,,,6,4,3,0,0,0,0
2021-03-21,GLOBAL,,,0,4,3,0,0,0,0
2021-03-22,GLOBAL,,,1,5,3,0,0,0,0
2021-03-23,GLOBAL,,,2,5,3,0,0,0,0
2021-03-24,GLOBAL,,,3,5,3,0,0,0,0
2021-03-25,GLOBAL,,,4,5,3,0,0,0,0
2021-03-26,GLOBAL,,,5,5,3,0,0,1,0
2021-03-27,GLOBAL,,,6,5,3,0,0,0,0
2021-03-28,GLOBAL,,,0,5,3,0,0,0,0
2021-03-29,GLOBAL,,,1,6,3,0,0,0,0
2021-03-30,GLOBAL,,,2,6,3,0,0,0,0
2021-03-31,GLOBAL,,,3,6,3,1,0,0,0
2021-04-01,GLOBAL,,,4,1,4,0,1,0,0
2021-04-02,GLOBAL,,,5,1,4,0,0,0,0
2021-04-03,GLOBAL,,,6,1,4,0,0,0,0
2021-04-04,GLOBAL,,,0,1,4,0,0,0,0
2021-04-05,GLOBAL,,,1,2,4,0,0,0,0
2021-04-06,GLOBAL,,,2,2,4,0,0,0,0
2021-04-07,GLOBAL,,,3,2,4,0,0,0,0
2021-04-08,GLOBAL,,,4,2,4,0,0,0,0
2021-04-09,GLOBAL,,,5,2,4,0,0,0,0
2021-04-10,GLOBAL,,,6,2,4,0,0,0,0
2021-04-11,GLOBAL,,,0,2,4,0,0,0,0
2021-04-12,GLOBAL,,,1,3,4,0,0,0,0
2021-04-13,GLOBAL,,,2,3,4,0,0,0,0
2021-04-14,GLOBAL,,,3,3,4,0,0,0,0
2021-04-15,GLOBAL,,,4,3,4,0,0,0,0
2021-04-16,GLOBAL,,,5,3,4,0,0,0,0
2021-04-17,GLOBAL,,,6,3,4,0,0,0,0
2021-04-18,GLOBAL,,,0,3,4,0,0,0,0
2021-04-19,GLOBAL,,,1,4,4,0,0,0,0
2021-04-20,GLOBAL,,,2,4,4,0,0,0,0
2021-04-21,GLOBAL,,,3,4,4,0,0,0,0
2021-04-22,GLOBAL,,,4,4,4,0,0,0,0
2021-04-23,GLOBAL,,,5,4,4,0,0,0,0
2021-04-24,GLOBAL,,,6,4,4,0,0,0,0
2021-04-25,GLOBAL,,,0,4,4,0,0,0,0
2021-04-26,GLOBAL,,,1,5,4,0,0,0,0
2021-04-27,GLOBAL,,,2,5,4,0,0,0,0
2021-04-28,GLOBAL,,,3,5,4,0,0,0,0
2021-04-29,GLOBAL,,,4,5,4,0,0,0,0
2021-04-30,GLOBAL,,,5,5,4,1,0,1,0
2021-05-01,GLOBAL,,,6,1,5,0,0,0,0
2021-05-02,GLOBAL,,,0,1,5,0,0,0,0
2021-05-03,GLOBAL,,,1,2,5,0,1,0,0
2021-05-04,GLOBAL,,,2,2,5,0,0,0,0
2021-05-05,GLOBAL,,,3,2,5,0,0,0,0
2021-05-06,GLOBAL,,,4,2,5,0,0,0,0
2021-05-07,GLOBAL,,,5,2,5,0,0,0,0
2021-05-08,GLOBAL,,,6,2,5,0,0,0,0
2021-05-09,GLOBAL,,,0,2,5,0,0,0,0
2021-05-10,GLOBAL,,,1,3,5,0,0,0,0
2021-05-11,GLOBAL,,,2,3,5,0,0,0,0
2021-05-12,GLOBAL,,,3,3,5,0,0,0,0
2021-05-13,GLOBAL,,,4,3,5,0,0,0,0
2021-05-14,GLOBAL,,,5,3,5,0,0,0,0
2021-05-15,GLOBAL,,,6,3,5,0,0,0,0
2021-05-16,GLOBAL,,,0,3,5,0,0,0,0
2021-05-17,GLOBAL,,,1,4,5,0,0,0,0
2021-05-18,GLOBAL,,,2,4,5,0,0,0,0
2021-05-19,GLOBAL,,,3,4,5,0,0,0,0
2021-05-20,GLOBAL,,,4,4,5,0,0,0,0
2021-05-21,GLOBAL,,,5,4,5,0,0,0,0
2021-05-22,GLOBAL,,,6,4,5,0,0,0,0
2021-05-23,GLOBAL,,,0,4,5,0,0,0,0
2021-05-24,GLOBAL,,,1,5,5,0,0,0,0
2021-05-25,GLOBAL,,,2,5,5,0,0,0,0
2021-05-26,GLOBAL,,,3,5,5,0,0,0,0
2021-05-27,GLOBAL,,,4,5,5,0,0,0,0
2021-05-28,GLOBAL,,,5,5,5,0,0,1,0
2021-05-29,GLOBAL,,,6,5,5,0,0,0,0
2021-05-30,GLOBAL,,,0,5,5,0,0,0,0
2021-05-31,GLOBAL,,,1,6,5,1,0,0,0
2021-06-01,GLOBAL,,,2,1,6,0,1,0,0
2021-06-02,GLOBAL,,,3,1,6,0,0,0,0
2021-06-03,GLOBAL,,,4,1,6,0,0,0,0
2021-06-04,GLOBAL,,,5,1,6,0,0,0,0
2021-06-05,GLOBAL,,,6,1,6,0,0,0,0
2021-06-06,GLOBAL,,,0,1,6,0,0,0,0
2021-06-07,GLOBAL,,,1,2,6,0,0,0,0
2021-06-08,GLOBAL,,,2,2,6,0,0,0,0
2021-06-09,GLOBAL,,,3,2,6,0,0,0,0
2021-06-10,GLOBAL,,,4,2,6,0,0,0,0
2021-06-11,GLOBAL,,,5,2,6,0,0,0,0
2021-06-12,GLOBAL,,,6,2,6,0,0,0,0
2021-06-13,GLOBAL,,,0,2,6,0,0,0,0
2021-06-14,GLOBAL,,,1,3,6,0,0,0,0
2021-06-15,GLOBAL,,,2,3,6,0,0,0,0
2021-06-16,GLOBAL,,,3,3,6,0,0,0,0
2021-06-17,GLOBAL,,,4,3,6,0,0,0,0
2021-06-18,GLOBAL,,,5,3,6,0,0,0,0
2021-06-19,GLOBAL,,,6,3,6,0,0,0,0
2021-06-20,GLOBAL,,,0,3,6,0,0,0,0
2021-06-21,GLOBAL,,,1,4,6,0,0,0,0
2021-06-22,GLOBAL,,,2,4,6,0,0,0,0
2021-06-23,GLOBAL,,,3,4,6,0,0,0,0
2021-06-24,GLOBAL,,,4,4,6,0,0,0,0
2021-06-25,GLOBAL,,,5,4,6,0,0,1,0
2021-06-26,GLOBAL,,,6,4,6,0,0,0,0
2021-06-27,GLOBAL,,,0,4,6,0,0,0,0
2021-06-28,GLOBAL,,,1,5,6,0,0,0,0
2021-06-29,GLOBAL,,,2,5,6,0,0,0,0
2021-06-30,GLOBAL,,,3,5,6,1,0,0,0
2021-07-01,GLOBAL,,,4,1,7,0,1,0,0
2021-07-02,GLOBAL,,,5,1,7,0,0,0,0
2021-07-03,GLOBAL,,,6,1,7,0,0,0,0
2021-07-04,GLOBAL,,,0,1,7,0,0,0,0
2021-07-05,GLOBAL,,,1,2,7,0,0,0,0
2021-07-06,GLOBAL,,,2,2,7,0,0,0,0
2021-07-07,GLOBAL,,,3,2,7,0,0,0,0
2021-07-08,GLOBAL,,,4,2,7,0,0,0,0
2021-07-09,GLOBAL,,,5,2,7,0,0,0,0
2021-07-10,GLOBAL,,,6,2,7,0,0,0,0
2021-07-11,GLOBAL,,,0,2,7,0,0,0,0
2021-07-12,GLOBAL,,,1,3,7,0,0,0,0
2021-07-13,GLOBAL,,,2,3,7,0,0,0,0
2021-07-14,GLOBAL,,,3,3,7,0,0,0,0
2021-07-15,GLOBAL,,,4,3,7,0,0,0,0
2021-07-16,GLOBAL,,,5,3,7,0,0,0,0
2021-07-17,GLOBAL,,,6,3,7,0,0,0,0
2021-07-18,GLOBAL,,,0,3,7,0,0,0,0
2021-07-19,GLOBAL,,,1,4,7,0,0,0,0
2021-07-20,GLOBAL,,,2,4,7,0,0,0,0
2021-07-21,GLOBAL,,,3,4,7,0,0,0,0
2021-07-22,GLOBAL,,,4,4,7,0,0,0,0
2021-07-23,GLOBAL,,,5,4,7,0,0,0,0
2021-07-24,GLOBAL,,,6,4,7,0,0,0,0
2021-07-25,GLOBAL,,,0,4,7,0,0,0,0
2021-07-26,GLOBAL,,,1,5,7,0,0,0,0
2021-07-27,GLOBAL,,,2,5,7,0,0,0,0
2021-07-28,GLOBAL,,,3,5,7,0,0,0,0
2021-07-29,GLOBAL,,,4,5,7,0,0,0,0
2021-07-30,GLOBAL,,,5,5,7,1,0,1,0
2021-07-31,GLOBAL,,,6,5,7,0,0,0,0
2021-08-01,GLOBAL,,,0,1,8,0,0,0,0
2021-08-02,GLOBAL,,,1,2,8,0,1,0,0
2021-08-03,GLOBAL,,,2,2,8,0,0,0,0
2021-08-04,GLOBAL,,,3,2,8,0,0,0,0
2021-08-05,GLOBAL,,,4,2,8,0,0,0,0
2021-08-06,GLOBAL,,,5,2,8,0,0,0,0
2021-08-07,GLOBAL,,,6,2,8,0,0,0,0
2021-08-08,GLOBAL,,,0,2,8,0,0,0,0
2021-08-09,GLOBAL,,,1,3,8,0,0,0,0
2021-08-10,GLOBAL,,,2,3,8,0,0,0,0
2021-08-11,GLOBAL,,,3,3,8,0,0,0,0
2021-08-12,GLOBAL,,,4,3,8,0,0,0,0
2021-08-13,GLOBAL,,,5,3,8,0,0,0,0
2021-08-14,GLOBAL,,,6,3,8,0,0,0,0
2021-08-15,GLOBAL,,,0,3,8,0,0,0,0
2021-08-16,GLOBAL,,,1,4,8,0,0,0,0
2021-08-17,GLOBAL,,,2,4,8,0,0,0,0
2021-08-18,GLOBAL,,,3,4,8,0,0,0,0
2021-08-19,GLOBAL,,,4,4,8,0,0,0,0
2021-08-20,GLOBAL,,,5,4,8,0,0,0,0
2021-08-21,GLOBAL,,,6,4,8,0,0,0,0
2021-08-22,GLOBAL,,,0,4,8,0,0,0,0
2021-08-23,GLOBAL,,,1,5,8,0,0,0,0
2021-08-24,GLOBAL,,,2,5,8,0,0,0,0
2021-08-25,GLOBAL,,,3,5,8,0,0,0,0
2021-08-26,GLOBAL,,,4,5,8,0,0,0,0
2021-08-27,GLOBAL,,,5,5,8,0,0,1,0
2021-08-28,GLOBAL,,,6,5,8,0,0,0,0
2021-08-29,GLOBAL,,,0,5,8,0,0,0,0
2021-08-30,GLOBAL,,,1,6,8,0,0,0,0
2021-08-31,GLOBAL,,,2,6,8,1,0,0,0
2021-09-01,GLOBAL,,,3,1,9,0,1,0,0
2021-09-02,GLOBAL,,,4,1,9,0,0,0,0
2021-09-03,GLOBAL,,,5,1,9,0,0,0,0
2021-09-04,GLOBAL,,,6,1,9,0,0,0,0
2021-09-05,GLOBAL,,,0,1,9,0,0,0,0
2021-09-06,GLOBAL,,,1,2,9,0,0,0,0
2021-09-07,GLOBAL,,,2,2,9,0,0,0,0
2021-09-08,GLOBAL,,,3,2,9,0,0,0,0
2021-09-09,GLOBAL,,,4,2,9,0,0,0,0
2021-09-10,GLOBAL,,,5,2,9,0,0,0,0
2021-09-11,GLOBAL,,,6,2,9,0,0,0,0
2021-09-12,GLOBAL,,,0,2,9,0,0,0,0
2021-09-13,GLOBAL,,,1,3,9,0,0,0,0
2021-09-14,GLOBAL,,,2,3,9,0,0,0,0
2021-09-15,GLOBAL,,,3,3,9,0,0,0,0
2021-09-16,GLOBAL,,,4,3,9,0,0,0,0
2021-09-17,GLOBAL,,,5,3,9,0,0,0,0
2021-09-18,GLOBAL,,,6,3,9,0,0,0,0
2021-09-19,GLOBAL,,,0,3,9,0,0,0,0
2021-09-20,GLOBAL,,,1,4,9,0,0,0,0
2021-09-21,GLOBAL,,,2,4,9,0,0,0,0
2021-09-22,GLOBAL,,,3,4,9,0,0,0,0
2021-09-23,GLOBAL,,,4,4,9,0,0,0,0
2021-09-24,GLOBAL,,,5,4,9,0,0,1,0
2021-09-25,GLOBAL,,,6,4,9,0,0,0,0
2021-09-26,GLOBAL,,,0,4,9,0,0,0,0
2021-09-27,GLOBAL,,,1,5,9,0,0,0,0
2021-09-28,GLOBAL,,,2,5,9,0,0,0,0
2021-09-29,GLOBAL,,,3,5,9,0,0,0,0
2021-09-30,GLOBAL,,,4,5,9,1,0,0,0
2021-10-01,GLOBAL,,,5,1,10,0,1,0,0
2021-10-02,GLOBAL,,,6,1,10,0,0,0,0
2021-10-03,GLOBAL,,,0,1,10,0,0,0,0
2021-10-04,GLOBAL,,,1,2,10,0,0,0,0
2021-10-05,GLOBAL,,,2,2,10,0,0,0,0
2021-10-06,GLOBAL,,,3,2,10,0,0,0,0
2021-10-07,GLOBAL,,,4,2,10,0,0,0,0
2021-10-08,GLOBAL,,,5,2,10,0,0,0,0
2021-10-09,GLOBAL,,,6,2,10,0,0,0,0
2021-10-10,GLOBAL,,,0,2,10,0,0,0,0
2021-10-11,GLOBAL,,,1,3,10,0,0,0,0
2021-10-12,GLOBAL,,,2,3,10,0,0,0,0
2021-10-13,GLOBAL,,,3,3,10,0,0,0,0
2021-10-14,GLOBAL,,,4,3,10,0,0,0,0
2021-10-15,GLOBAL,,,5,3,10,0,0,0,0
2021-10-16,GLOBAL,,,6,3,10,0,0,0,0
2021-10-17,GLOBAL,,,0,3,10,0,0,0,0
2021-10-18,GLOBAL,,,1,4,10,0,0,0,0
2021-10-19,GLOBAL,,,2,4,10,0,0,0,0
2021-10-20,GLOBAL,,,3,4,10,0,0,0,0
2021-10-21,GLOBAL,,,4,4,10,0,0,0,0
2021-10-22,GLOBAL,,,5,4,10,0,0,0,0
2021-10-23,GLOBAL,,,6,4,10,0,0,0,0
2021-10-24,GLOBAL,,,0,4,10,0,0,0,0
2021-10-25,GLOBAL,,,1,5,10,0,0,0,0
2021-10-26,GLOBAL,,,2,5,10,0,0,0,0
2021-10-27,GLOBAL,,,3,5,10,0,0,0,0
2021-10-28,GLOBAL,,,4,5,10,0,0,0,0
2021-10-29,GLOBAL,,,5,5,10,1,0,1,0
2021-10-30,GLOBAL,,,6,5,10,0,0,0,0
2021-10-31,GLOBAL,,,0,5,10,0,0,0,0
2021-11-01,GLOBAL,,,1,2,11,0,1,0,0
2021-11-02,GLOBAL,,,2,2,11,0,0,0,0
2021-11-03,GLOBAL,,,3,2,11,0,0,0,0
2021-11-04,GLOBAL,,,4,2,11,0,0,0,0
2021-11-05,GLOBAL,,,5,2,11,0,0,0,0
2021-11-06,GLOBAL,,,6,2,11,0,0,0,0
2021-11-07,GLOBAL,,,0,2,11,0,0,0,0
2021-11-08,GLOBAL,,,1,3,11,0,0,0,0
2021-11-09,GLOBAL,,,2,3,11,0,0,0,0
2021-11-10,GLOBAL,,,3,3,11,0,0,0,0
2021-11-11,GLOBAL,,,4,3,11,0,0,0,0
2021-11-12,GLOBAL,,,5,3,11,0,0,0,0
2021-11-13,GLOBAL,,,6,3,11,0,0,0,0
2021-11-14,GLOBAL,,,0,3,11,0,0,0,0
2021-11-15,GLOBAL,,,1,4,11,0,0,0,0
2021-11-16,GLOBAL,,,2,4,11,0,0,0,0
2021-11-17,GLOBAL,,,3,4,11,0,0,0,0
2021-11-18,GLOBAL,,,4,4,11,0,0,0,0
2021-11-19,GLOBAL,,,5,4,11,0,0,0,0
2021-11-20,GLOBAL,,,6,4,11,0,0,0,0
2021-11-21,GLOBAL,,,0,4,11,0,0,0,0
2021-11-22,GLOBAL,,,1,5,11,0,0,0,0
2021-11-23,GLOBAL,,,2,5,11,0,0,0,0
2021-11-24,GLOBAL,,,3,5,11,0,0,0,0
2021-11-25,GLOBAL,,,4,5,11,0,0,0,0
2021-11-26,GLOBAL,,,5,5,11,0,0,1,0
2021-11-27,GLOBAL,,,6,5,11,0,0,0,0
2021-11-28,GLOBAL,,,0,5,11,0,0,0,0
2021-11-29,GLOBAL,,,1,6,11,0,0,0,0
2021-11-30,GLOBAL,,,2,6,11,1,0,0,0
2021-12-01,GLOBAL,,,3,1,12,0,1,0,0
2021-12-02,GLOBAL,,,4,1,12,0,0,0,0
2021-12-03,GLOBAL,,,5,1,12,0,0,0,0
2021-12-04,GLOBAL,,,6,1,12,0,0,0,0
2021-12-05,GLOBAL,,,0,1,12,0,0,0,0
2021-12-06,GLOBAL,,,1,2,12,0,0,0,0
2021-12-07,GLOBAL,,,2,2,12,0,0,0,0
2021-12-08,GLOBAL,,,3,2,12,0,0,0,0
2021-12-09,GLOBAL,,,4,2,12,0,0,0,0
2021-12-10,GLOBAL,,,5,2,12,0,0,0,0
2021-12-11,GLOBAL,,,6,2,12,0,0,0,0
2021-12-12,GLOBAL,,,0,2,12,0,0,0,0
2021-12-13,GLOBAL,,,1,3,12,0,0,0,0
2021-12-14,GLOBAL,,,2,3,12,0,0,0,0
2021-12-15,GLOBAL,,,3,3,12,0,0,0,0
2021-12-16,GLOBAL,,,4,3,12,0,0,0,0
2021-12-17,GLOBAL,,,5,3,12,0,0,0,0
2021-12-18,GLOBAL,,,6,3,12,0,0,0,0
2021-12-19,GLOBAL,,,0,3,12,0,0,0,0
2021-12-20,GLOBAL,,,1,4,12,0,0,0,0
2021-12-21,GLOBAL,,,2,4,12,0,0,0,0
2021-12-22,GLOBAL,,,3,4,12,0,0,0,0
2021-12-23,GLOBAL,,,4,4,12,0,0,0,0
2021-12-24,GLOBAL,,,5,4,12,0,0,0,0
2021-12-25,GLOBAL,,,6,4,12,0,0,0,0
2021-12-26,GLOBAL,,,0,4,12,0,0,0,0
2021-12-27,GLOBAL,,,1,5,12,0,0,0,0
2021-12-28,GLOBAL,,,2,5,12,0,0,0,0
2021-12-29,GLOBAL,,,3,5,12,0,0,0,0
2021-12-30,GLOBAL,,,4,5,12,0,0,0,0
2021-12-31,GLOBAL,,,5,5,12,1,0,1,0
