observation_date,sales_num,sales_value_gbp,fl_last_working_day,fl_first_working_day,fl_last_friday,fl_new_year
2017-01-01,779,453330.6,0,0,0,1
2017-01-02,1158,869178.32,0,1,0,0
2017-01-03,1406,1169019.45,0,0,0,0
2017-01-04,1484,1216797.41,0,0,0,0
2017-01-05,1516,1265103.6,0,0,0,0
2017-01-06,1575,1180701.29,0,0,0,0
2017-01-07,1141,729372.45,0,0,0,0
2017-01-08,963,612344.45,0,0,0,0
2017-01-09,1359,1096448.06,0,0,0,0
2017-01-10,1378,1154215.42,0,0,0,0
2017-01-11,1374,1068012.3,0,0,0,0
2017-01-12,1517,1427489.94,0,0,0,0
2017-01-13,1647,1321768.36,0,0,0,0
2017-01-14,1167,800579.38,0,0,0,0
2017-01-15,994,686115.63,0,0,0,0
2017-01-16,1325,1037203.86,0,0,0,0
2017-01-17,1311,1021313.28,0,0,0,0
2017-01-18,1398,1246050.58,0,0,0,0
2017-01-19,1358,1090748.63,0,0,0,0
2017-01-20,1543,1133928.21,0,0,0,0
2017-01-21,1146,753225.94,0,0,0,0
2017-01-22,927,609990.06,0,0,0,0
2017-01-23,1290,1023465.24,0,0,0,0
2017-01-24,1339,1109123.06,0,0,0,0
2017-01-25,1573,1327705.56,0,0,0,0
2017-01-26,1505,1161461.09,0,0,0,0
2017-01-27,1730,1281200.06,0,0,1,0
2017-01-28,1253,797515.37,0,0,0,0
2017-01-29,1052,765151.67,0,0,0,0
2017-01-30,1482,1207421.62,0,0,0,0
2017-01-31,1772,1382194.57,1,0,0,0
2017-02-01,1772,1437512.85,0,1,0,0
2017-02-02,1726,1337258.17,0,0,0,0
2017-02-03,1743,1192924.21,0,0,0,0
2017-02-04,1282,812967.38,0,0,0,0
2017-02-05,1054,667138.41,0,0,0,0
2017-02-06,1403,1051882.53,0,0,0,0
2017-02-07,1404,1065080.57,0,0,0,0
2017-02-08,1426,1053223.49,0,0,0,0
2017-02-09,1429,980661.01,0,0,0,0
2017-02-10,1643,1102030.41,0,0,0,0
2017-02-11,1222,698955.55,0,0,0,0
2017-02-12,1020,619082.39,0,0,0,0
2017-02-13,1448,1001398.62,0,0,0,0
2017-02-14,1457,936169.12,0,0,0,0
2017-02-15,1511,1097961.72,0,0,0,0
2017-02-16,1498,1144243.68,0,0,0,0
2017-02-17,1579,1030490.77,0,0,0,0
2017-02-18,1157,673519.29,0,0,0,0
2017-02-19,963,582629.22,0,0,0,0
2017-02-20,1397,989671.92,0,0,0,0
2017-02-21,1351,955726,0,0,0,0
2017-02-22,1391,1029065.5,0,0,0,0
2017-02-23,1458,1101554.68,0,0,0,0
2017-02-24,1791,1264657.29,0,0,1,0
2017-02-25,1251,771802.36,0,0,0,0
2017-02-26,1062,699427.6,0,0,0,0
2017-02-27,1596,1264069.81,0,0,0,0
2017-02-28,1938,1553122.54,1,0,0,0
2017-03-01,1949,1555089.73,0,1,0,0
2017-03-02,1815,1397618.41,0,0,0,0
2017-03-03,1844,1241326.79,0,0,0,0
2017-03-04,1357,825803.43,0,0,0,0
2017-03-05,1102,686217.7,0,0,0,0
2017-03-06,1465,1131469.19,0,0,0,0
2017-03-07,1470,1079248.7,0,0,0,0
2017-03-08,1482,1065890.31,0,0,0,0
2017-03-09,1503,1066054.19,0,0,0,0
2017-03-10,1739,1205660.71,0,0,0,0
2017-03-11,1213,695953.59,0,0,0,0
2017-03-12,994,610833.42,0,0,0,0
2017-03-13,1401,1021640.99,0,0,0,0
2017-03-14,1445,1123233.54,0,0,0,0
2017-03-15,1597,1227616.62,0,0,0,0
2017-03-16,1583,1192538.75,0,0,0,0
2017-03-17,1698,1085068,0,0,0,0
2017-03-18,1219,697802.88,0,0,0,0
2017-03-19,1017,607938.68,0,0,0,0
2017-03-20,1468,1183722.35,0,0,0,0
2017-03-21,1414,1106170.54,0,0,0,0
2017-03-22,1450,1082070.67,0,0,0,0
2017-03-23,1493,1087630,0,0,0,0
2017-03-24,1863,1246822.22,0,0,0,0
2017-03-25,1294,768908.25,0,0,0,0
2017-03-26,1087,674901.43,0,0,0,0
2017-03-27,1559,1242449.6,0,0,0,0
2017-03-28,1590,1227189.69,0,0,0,0
2017-03-29,1630,1321030.86,0,0,0,0
2017-03-30,1721,1302769.58,0,0,0,0
2017-03-31,2163,1546801.15,1,0,1,0
2017-04-01,1557,970278.69,0,0,0,0
2017-04-02,1235,772432.08,0,0,0,0
2017-04-03,1758,1395312.77,0,1,0,0
2017-04-04,1645,1198660.46,0,0,0,0
2017-04-05,1682,1248050.86,0,0,0,0
2017-04-06,1642,1155096.6,0,0,0,0
2017-04-07,1760,1129730.38,0,0,0,0
2017-04-08,1241,700052.12,0,0,0,0
2017-04-09,1011,571464.28,0,0,0,0
2017-04-10,1534,1108575.4,0,0,0,0
2017-04-11,1571,1075598.67,0,0,0,0
2017-04-12,1682,1146225.82,0,0,0,0
2017-04-13,1808,1189536.54,0,0,0,0
2017-04-14,1444,833780.13,0,0,0,0
2017-04-15,1216,632471.2,0,0,0,0
2017-04-16,905,524787.22,0,0,0,0
2017-04-17,1219,862054.78,0,0,0,0
2017-04-18,1548,1180444.61,0,0,0,0
2017-04-19,1601,1165849.77,0,0,0,0
2017-04-20,1677,1204093.62,0,0,0,0
2017-04-21,1708,1104730.2,0,0,0,0
2017-04-22,1258,738636.78,0,0,0,0
2017-04-23,1018,640553.89,0,0,0,0
2017-04-24,1530,1198917.33,0,0,0,0
2017-04-25,1604,1214817.51,0,0,0,0
2017-04-26,1724,1349663.34,0,0,0,0
2017-04-27,1824,1383834.71,0,0,0,0
2017-04-28,2232,1536199.01,1,0,1,0
2017-04-29,1548,947306.04,0,0,0,0
2017-04-30,1233,746117.15,0,0,0,0
2017-05-01,1680,1208998.01,0,1,0,0
2017-05-02,1922,1553044.87,0,0,0,0
2017-05-03,1839,1395008.14,0,0,0,0
2017-05-04,1832,1288650.88,0,0,0,0
2017-05-05,1929,1289657.62,0,0,0,0
2017-05-06,1389,815791.36,0,0,0,0
2017-05-07,1147,701912.78,0,0,0,0
2017-05-08,1634,1185048.91,0,0,0,0
2017-05-09,1580,1122412.52,0,0,0,0
2017-05-10,1675,1170453.87,0,0,0,0
2017-05-11,1681,1167338.29,0,0,0,0
2017-05-12,1870,1180928.67,0,0,0,0
2017-05-13,1456,770255.91,0,0,0,0
2017-05-14,1280,676828.49,0,0,0,0
2017-05-15,1634,1217412.53,0,0,0,0
2017-05-16,1549,1120487.51,0,0,0,0
2017-05-17,1556,1150892.5,0,0,0,0
2017-05-18,1628,1148795.12,0,0,0,0
2017-05-19,1823,1212489.38,0,0,0,0
2017-05-20,1304,785558.94,0,0,0,0
2017-05-21,1072,687580.29,0,0,0,0
2017-05-22,1502,1128833.8,0,0,0,0
2017-05-23,1509,1139451.13,0,0,0,0
2017-05-24,1738,1240746.94,0,0,0,0
2017-05-25,1767,1329078.29,0,0,0,0
2017-05-26,2070,1384117.02,0,0,1,0
2017-05-27,1437,832720.79,0,0,0,0
2017-05-28,1181,743662.87,0,0,0,0
2017-05-29,1596,1216779.6,0,0,0,0
2017-05-30,1750,1330018.99,0,0,0,0
2017-05-31,2123,1668895.64,1,0,0,0
2017-06-01,2125,1568817.92,0,1,0,0
2017-06-02,2099,1412792.15,0,0,0,0
2017-06-03,1519,915203.13,0,0,0,0
2017-06-04,1213,725218.39,0,0,0,0
2017-06-05,1672,1248103.73,0,0,0,0
2017-06-06,1683,1288736.96,0,0,0,0
2017-06-07,1758,1395041.23,0,0,0,0
2017-06-08,1781,1395751.99,0,0,0,0
2017-06-09,1934,1395047.48,0,0,0,0
2017-06-10,1376,814449.11,0,0,0,0
2017-06-11,1117,697193.7,0,0,0,0
2017-06-12,1625,1251029.38,0,0,0,0
2017-06-13,1636,1235861.72,0,0,0,0
2017-06-14,1747,1356395.46,0,0,0,0
2017-06-15,1900,1453596.07,0,0,0,0
2017-06-16,2029,1408166.35,0,0,0,0
2017-06-17,1478,892543.36,0,0,0,0
2017-06-18,1251,745202.11,0,0,0,0
2017-06-19,1674,1282248.06,0,0,0,0
2017-06-20,1748,1282928.75,0,0,0,0
2017-06-21,1779,1361994.18,0,0,0,0
2017-06-22,1898,1357687.02,0,0,0,0
2017-06-23,2159,1405809.29,0,0,0,0
2017-06-24,1619,903424.5,0,0,0,0
2017-06-25,1168,668045.51,0,0,0,0
2017-06-26,1570,1168052.51,0,0,0,0
2017-06-27,1704,1381727.57,0,0,0,0
2017-06-28,1902,1603552.37,0,0,0,0
2017-06-29,1963,1557422.66,0,0,0,0
2017-06-30,2587,2008698.99,1,0,1,0
2017-07-01,1763,1194281.79,0,0,0,0
2017-07-02,1411,1000238.89,0,0,0,0
2017-07-03,1946,1560119.53,0,1,0,0
2017-07-04,1819,1412025.97,0,0,0,0
2017-07-05,1844,1332785.03,0,0,0,0
2017-07-06,1854,1432573.2,0,0,0,0
2017-07-07,2036,1387781.32,0,0,0,0
2017-07-08,1441,894410.7,0,0,0,0
2017-07-09,1157,721250.62,0,0,0,0
2017-07-10,1691,1250446.29,0,0,0,0
2017-07-11,1634,1195478.74,0,0,0,0
2017-07-12,1776,1369357.9,0,0,0,0
2017-07-13,1805,1423427.97,0,0,0,0
2017-07-14,2151,1630948.99,0,0,0,0
2017-07-15,1557,1080327.9,0,0,0,0
2017-07-16,1241,842228.62,0,0,0,0
2017-07-17,1720,1425450.37,0,0,0,0
2017-07-18,1708,1445308.35,0,0,0,0
2017-07-19,1790,1477249.75,0,0,0,0
2017-07-20,1896,1536627.83,0,0,0,0
2017-07-21,1981,1396591.27,0,0,0,0
2017-07-22,1377,873923.41,0,0,0,0
2017-07-23,1140,751110.64,0,0,0,0
2017-07-24,1668,1328770.91,0,0,0,0
2017-07-25,1934,1544245.49,0,0,0,0
2017-07-26,1924,1521860.14,0,0,0,0
2017-07-27,2124,1904307.89,0,0,0,0
2017-07-28,2262,1618572.01,0,0,1,0
2017-07-29,1633,1095766.46,0,0,0,0
2017-07-30,1350,912597.75,0,0,0,0
2017-07-31,2228,1765007.84,1,0,0,0
2017-08-01,2268,1897332.54,0,1,0,0
2017-08-02,2132,1673512.18,0,0,0,0
2017-08-03,2064,1553793.52,0,0,0,0
2017-08-04,2203,1417066.4,0,0,0,0
2017-08-05,1533,893659.3,0,0,0,0
2017-08-06,1212,746889.46,0,0,0,0
2017-08-07,1769,1286309.93,0,0,0,0
2017-08-08,1701,1241307.16,0,0,0,0
2017-08-09,1751,1334585.02,0,0,0,0
2017-08-10,1853,1337308.25,0,0,0,0
2017-08-11,2071,1372501.45,0,0,0,0
2017-08-12,1485,887947.44,0,0,0,0
2017-08-13,1209,750368.82,0,0,0,0
2017-08-14,1763,1311388.98,0,0,0,0
2017-08-15,1873,1361609.99,0,0,0,0
2017-08-16,1868,1405069.83,0,0,0,0
2017-08-17,1893,1434777.71,0,0,0,0
2017-08-18,2138,1492165.41,0,0,0,0
2017-08-19,1517,987617.76,0,0,0,0
2017-08-20,1209,783652.14,0,0,0,0
2017-08-21,1751,1327414.49,0,0,0,0
2017-08-22,1754,1338967.58,0,0,0,0
2017-08-23,1822,1409145.03,0,0,0,0
2017-08-24,1885,1382784.75,0,0,0,0
2017-08-25,2442,1739296.47,0,0,1,0
2017-08-26,1651,1044145.29,0,0,0,0
2017-08-27,1348,877502.8,0,0,0,0
2017-08-28,1931,1503182.57,0,0,0,0
2017-08-29,2077,1696667.02,0,0,0,0
2017-08-30,2223,1708930.29,0,0,0,0
2017-08-31,2629,1973862.93,1,0,0,0
2017-09-01,2467,1694192.78,0,1,0,0
2017-09-02,1740,1132428.81,0,0,0,0
2017-09-03,1404,899440.77,0,0,0,0
2017-09-04,1984,1500888.61,0,0,0,0
2017-09-05,1952,1579270.9,0,0,0,0
2017-09-06,2057,1819153.63,0,0,0,0
2017-09-07,2102,1673062.72,0,0,0,0
2017-09-08,2307,1663557.12,0,0,0,0
2017-09-09,1583,1011624.32,0,0,0,0
2017-09-10,1334,877190.12,0,0,0,0
2017-09-11,1884,1496788.07,0,0,0,0
2017-09-12,1882,1505685.19,0,0,0,0
2017-09-13,1911,1420306.62,0,0,0,0
2017-09-14,2019,1509892.47,0,0,0,0
2017-09-15,2379,1678609.11,0,0,0,0
2017-09-16,1686,1030861.57,0,0,0,0
2017-09-17,1315,856085.6,0,0,0,0
2017-09-18,1876,1459052.97,0,0,0,0
2017-09-19,1834,1324531.61,0,0,0,0
2017-09-20,2005,1633006.72,0,0,0,0
2017-09-21,1931,1377699.77,0,0,0,0
2017-09-22,2143,1462029.67,0,0,0,0
2017-09-23,1590,931186.06,0,0,0,0
2017-09-24,1280,795587.49,0,0,0,0
2017-09-25,2020,1625561.78,0,0,0,0
2017-09-26,1937,1384295.37,0,0,0,0
2017-09-27,2081,1591350.06,0,0,0,0
2017-09-28,2173,1626377.4,0,0,0,0
2017-09-29,2692,1860746.1,1,0,1,0
2017-09-30,1923,1165104.72,0,0,0,0
2017-10-01,1618,1017858.15,0,0,0,0
2017-10-02,2266,1711449.18,0,1,0,0
2017-10-03,2156,1607765.9,0,0,0,0
2017-10-04,2170,1686496.04,0,0,0,0
2017-10-05,2150,1467490.64,0,0,0,0
2017-10-06,2302,1526164.28,0,0,0,0
2017-10-07,1642,913892.76,0,0,0,0
2017-10-08,1326,794168.22,0,0,0,0
2017-10-09,1868,1373115.49,0,0,0,0
2017-10-10,1909,1404973.7,0,0,0,0
2017-10-11,1970,1461384.83,0,0,0,0
2017-10-12,2083,1535802.75,0,0,0,0
2017-10-13,2349,1594788.59,0,0,0,0
2017-10-14,1671,994774.49,0,0,0,0
2017-10-15,1363,853397.04,0,0,0,0
2017-10-16,1933,1485401.18,0,0,0,0
2017-10-17,1863,1353466.68,0,0,0,0
2017-10-18,1930,1344488.73,0,0,0,0
2017-10-19,1933,1373182.51,0,0,0,0
2017-10-20,2264,1423137.67,0,0,0,0
2017-10-21,1591,895118.1,0,0,0,0
2017-10-22,1299,743023.01,0,0,0,0
2017-10-23,1821,1312104.73,0,0,0,0
2017-10-24,1839,1307969.68,0,0,0,0
2017-10-25,2116,1551035.62,0,0,0,0
2017-10-26,2095,1498085.78,0,0,0,0
2017-10-27,2366,1570053.31,0,0,1,0
2017-10-28,1713,1015645.99,0,0,0,0
2017-10-29,1428,859418.85,0,0,0,0
2017-10-30,2118,1571969.23,0,0,0,0
2017-10-31,2449,1862841.38,1,0,0,0
2017-11-01,2391,1858334.63,0,1,0,0
2017-11-02,2373,1814217.12,0,0,0,0
2017-11-03,2471,1562800.34,0,0,0,0
2017-11-04,1790,1061457.15,0,0,0,0
2017-11-05,1420,880711.98,0,0,0,0
2017-11-06,2007,1540209.73,0,0,0,0
2017-11-07,1978,1450280.35,0,0,0,0
2017-11-08,2051,1549344.57,0,0,0,0
2017-11-09,2020,1496436.79,0,0,0,0
2017-11-10,2340,1577084.52,0,0,0,0
2017-11-11,1672,966967.48,0,0,0,0
2017-11-12,1322,826246.81,0,0,0,0
2017-11-13,1861,1386741.99,0,0,0,0
2017-11-14,1914,1448294.02,0,0,0,0
2017-11-15,2137,1641788.79,0,0,0,0
2017-11-16,2053,1406921.31,0,0,0,0
2017-11-17,2236,1427061.35,0,0,0,0
2017-11-18,1622,921050.75,0,0,0,0
2017-11-19,1325,785424.32,0,0,0,0
2017-11-20,1927,1413453.22,0,0,0,0
2017-11-21,1922,1387595.09,0,0,0,0
2017-11-22,1962,1428901.74,0,0,0,0
2017-11-23,2007,1469617.58,0,0,0,0
2017-11-24,2331,1601685.24,0,0,1,0
2017-11-25,1676,1057771.91,0,0,0,0
2017-11-26,1406,932428.05,0,0,0,0
2017-11-27,2020,1654998.06,0,0,0,0
2017-11-28,2078,1503779.52,0,0,0,0
2017-11-29,2178,1709934.97,0,0,0,0
2017-11-30,2646,2044075.69,1,0,0,0
2017-12-01,2794,2075849.24,0,1,0,0
2017-12-02,2026,1330764.84,0,0,0,0
2017-12-03,1602,1106091.6,0,0,0,0
2017-12-04,2267,1842805.04,0,0,0,0
2017-12-05,2211,1733182.55,0,0,0,0
2017-12-06,2201,1575323.9,0,0,0,0
2017-12-07,2156,1557679.56,0,0,0,0
2017-12-08,2383,1626052.56,0,0,0,0
2017-12-09,1678,1039073.45,0,0,0,0
2017-12-10,1407,916332.48,0,0,0,0
2017-12-11,2023,1560101.44,0,0,0,0
2017-12-12,2078,1671568.04,0,0,0,0
2017-12-13,2199,1646293.55,0,0,0,0
2017-12-14,2348,1894940.8,0,0,0,0
2017-12-15,2762,2027480.86,0,0,0,0
2017-12-16,1946,1190389.21,0,0,0,0
2017-12-17,1599,1023742.89,0,0,0,0
2017-12-18,2442,1807003.56,0,0,0,0
2017-12-19,2545,1922848.14,0,0,0,0
2017-12-20,2963,2175544.24,0,0,0,0
2017-12-21,3192,2052817.96,0,0,0,0
2017-12-22,4351,2714226.04,0,0,0,0
2017-12-23,3244,1656925.2,0,0,0,0
2017-12-24,2074,894571.91,0,0,0,0
2017-12-25,1430,699731.56,0,0,0,0
2017-12-26,1463,1041762.34,0,0,0,0
2017-12-27,2183,1802024.27,0,0,0,0
2017-12-28,2396,1957423.18,0,0,0,0
2017-12-29,3006,2155025.06,1,0,1,0
2017-12-30,2282,1367656.82,0,0,0,0
2017-12-31,1585,834444.46,0,0,0,0
2018-01-01,1374,949684.44,0,0,0,1
2018-01-02,2166,1818748.64,0,1,0,0
2018-01-03,2306,1754462.7,0,0,0,0
2018-01-04,2275,1805254.84,0,0,0,0
2018-01-05,2500,1837570.93,0,0,0,0
2018-01-06,1852,1224974.03,0,0,0,0
2018-01-07,1519,970025.11,0,0,0,0
2018-01-08,2123,1592729.2,0,0,0,0
2018-01-09,2039,1552064.36,0,0,0,0
2018-01-10,2151,1655051.26,0,0,0,0
2018-01-11,2175,1766417.9,0,0,0,0
2018-01-12,2606,1971597.35,0,0,0,0
2018-01-13,1977,1383218.25,0,0,0,0
2018-01-14,1523,1009591.86,0,0,0,0
2018-01-15,2250,1802477.4,0,0,0,0
2018-01-16,2173,1807568.41,0,0,0,0
2018-01-17,2233,1932403.76,0,0,0,0
2018-01-18,2222,1734355.34,0,0,0,0
2018-01-19,2472,1810498.67,0,0,0,0
2018-01-20,1873,1176080.34,0,0,0,0
2018-01-21,1462,927755.79,0,0,0,0
2018-01-22,2115,1685039.84,0,0,0,0
2018-01-23,2102,1639756.82,0,0,0,0
2018-01-24,2279,1902392.42,0,0,0,0
2018-01-25,2627,2135774.19,0,0,0,0
2018-01-26,2839,2139365,0,0,1,0
2018-01-27,2025,1289438.92,0,0,0,0
2018-01-28,1641,1093133.85,0,0,0,0
2018-01-29,2308,1820959.81,0,0,0,0
2018-01-30,2406,1965265.39,0,0,0,0
2018-01-31,3010,2429164.43,1,0,0,0
2018-02-01,2993,2389409.74,0,1,0,0
2018-02-02,2971,2163147.65,0,0,0,0
2018-02-03,2109,1230797.21,0,0,0,0
2018-02-04,1706,1053101.11,0,0,0,0
2018-02-05,2347,1687390.62,0,0,0,0
2018-02-06,2249,1646078.57,0,0,0,0
2018-02-07,2336,1804115.78,0,0,0,0
2018-02-08,2312,1541667.83,0,0,0,0
2018-02-09,2635,1769437.4,0,0,0,0
2018-02-10,1908,1072188.52,0,0,0,0
2018-02-11,1515,882571.48,0,0,0,0
2018-02-12,2224,1567943.75,0,0,0,0
2018-02-13,2270,1560617.93,0,0,0,0
2018-02-14,2459,1643928.57,0,0,0,0
2018-02-15,2595,2050195.6,0,0,0,0
2018-02-16,2718,1947011.56,0,0,0,0
2018-02-17,1943,1152895.3,0,0,0,0
2018-02-18,1503,915365.22,0,0,0,0
2018-02-19,2178,1578217.78,0,0,0,0
2018-02-20,2234,1623073.33,0,0,0,0
2018-02-21,2249,1451713.81,0,0,0,0
2018-02-22,2360,1705097.24,0,0,0,0
2018-02-23,2856,1959043.09,0,0,1,0
2018-02-24,2024,1183786.25,0,0,0,0
2018-02-25,1656,1000815.84,0,0,0,0
2018-02-26,2466,1905882.09,0,0,0,0
2018-02-27,2615,1993543.56,0,0,0,0
2018-02-28,3316,2590895.34,1,0,0,0
2018-03-01,3169,2380584.42,0,1,0,0
2018-03-02,3266,2246577.52,0,0,0,0
2018-03-03,2371,1488473.9,0,0,0,0
2018-03-04,1846,1132682.84,0,0,0,0
2018-03-05,2634,1961544.62,0,0,0,0
2018-03-06,2514,1739732.54,0,0,0,0
2018-03-07,2589,1967299.33,0,0,0,0
2018-03-08,2584,1939230.25,0,0,0,0
2018-03-09,2905,1929137.09,0,0,0,0
2018-03-10,2174,1276028.6,0,0,0,0
2018-03-11,1745,1066550.53,0,0,0,0
2018-03-12,2450,1844450.63,0,0,0,0
2018-03-13,2392,1548560.31,0,0,0,0
2018-03-14,2555,1946603.27,0,0,0,0
2018-03-15,2789,2044949.52,0,0,0,0
2018-03-16,2915,1793639.93,0,0,0,0
2018-03-17,2213,1178341.81,0,0,0,0
2018-03-18,1711,983568.45,0,0,0,0
2018-03-19,2363,1786921.94,0,0,0,0
2018-03-20,2459,1869132.86,0,0,0,0
2018-03-21,2490,1812176.29,0,0,0,0
2018-03-22,2555,1975386.18,0,0,0,0
2018-03-23,3047,2145977.82,0,0,0,0
2018-03-24,2135,1262431.63,0,0,0,0
2018-03-25,1726,1081033.83,0,0,0,0
2018-03-26,2652,2015951.4,0,0,0,0
2018-03-27,2742,2136444.83,0,0,0,0
2018-03-28,3061,2142425.59,0,0,0,0
2018-03-29,3360,2210613.5,0,0,0,0
2018-03-30,2784,1578144.65,1,0,1,0
2018-03-31,2308,1230239.74,0,0,0,0
2018-04-01,1802,1002530.49,0,0,0,0
2018-04-02,2392,1604295.35,0,1,0,0
2018-04-03,3012,2332130.21,0,0,0,0
2018-04-04,3006,2289339.93,0,0,0,0
2018-04-05,3039,2325370.8,0,0,0,0
2018-04-06,3153,2009679.48,0,0,0,0
2018-04-07,2273,1366002.05,0,0,0,0
2018-04-08,1769,1047013.26,0,0,0,0
2018-04-09,2585,1807075.1,0,0,0,0
2018-04-10,2723,2083442.61,0,0,0,0
2018-04-11,2758,2186424.37,0,0,0,0
2018-04-12,2862,2136564.47,0,0,0,0
2018-04-13,3213,2320593.56,0,0,0,0
2018-04-14,2305,1373545.7,0,0,0,0
2018-04-15,1875,1182377.42,0,0,0,0
2018-04-16,2660,1959835.74,0,0,0,0
2018-04-17,2615,2009782.7,0,0,0,0
2018-04-18,2629,1737922.74,0,0,0,0
2018-04-19,2714,2004615.46,0,0,0,0
2018-04-20,3034,1867856.54,0,0,0,0
2018-04-21,2144,1209820.88,0,0,0,0
2018-04-22,1708,980244.38,0,0,0,0
2018-04-23,2427,1704756.28,0,0,0,0
2018-04-24,2552,1789621.79,0,0,0,0
2018-04-25,2735,2023652.44,0,0,0,0
2018-04-26,2931,2158604.35,0,0,0,0
2018-04-27,3331,2326028.3,0,0,1,0
2018-04-28,2436,1483546.14,0,0,0,0
2018-04-29,1984,1302933.34,0,0,0,0
2018-04-30,3305,2609939.5,1,0,0,0
2018-05-01,3078,2144886.41,0,1,0,0
2018-05-02,3178,2466108.31,0,0,0,0
2018-05-03,3097,2276157.7,0,0,0,0
2018-05-04,3371,2370598.34,0,0,0,0
2018-05-05,2380,1418052.81,0,0,0,0
2018-05-06,1847,1119357.99,0,0,0,0
2018-05-07,2599,1931911.75,0,0,0,0
2018-05-08,2703,2020673.89,0,0,0,0
2018-05-09,2841,2050391.52,0,0,0,0
2018-05-10,2921,2101249.09,0,0,0,0
2018-05-11,3309,2229034.6,0,0,0,0
2018-05-12,2441,1416886.46,0,0,0,0
2018-05-13,2036,1142154.8,0,0,0,0
2018-05-14,2644,2029357.33,0,0,0,0
2018-05-15,2926,2279110.36,0,0,0,0
2018-05-16,2878,2188251.15,0,0,0,0
2018-05-17,2769,1920571.41,0,0,0,0
2018-05-18,3177,2170342.91,0,0,0,0
2018-05-19,2177,1266520.39,0,0,0,0
2018-05-20,1775,1097029.94,0,0,0,0
2018-05-21,2554,1958203.36,0,0,0,0
2018-05-22,2597,1980080.28,0,0,0,0
2018-05-23,2649,1985260.59,0,0,0,0
2018-05-24,2761,2161449.51,0,0,0,0
2018-05-25,3494,2488647.64,0,0,1,0
2018-05-26,2424,1434917.13,0,0,0,0
2018-05-27,1911,1164152.4,0,0,0,0
2018-05-28,2600,1975073.79,0,0,0,0
2018-05-29,2728,2093153.19,0,0,0,0
2018-05-30,3024,2403749.28,0,0,0,0
2018-05-31,3522,2805084.38,1,0,0,0
2018-06-01,3877,2808758.66,0,1,0,0
2018-06-02,2729,1724545.36,0,0,0,0
2018-06-03,2094,1297676.42,0,0,0,0
2018-06-04,2969,2316426.04,0,0,0,0
2018-06-05,3001,2328005.41,0,0,0,0
2018-06-06,3046,2372780.64,0,0,0,0
2018-06-07,3052,2345397.51,0,0,0,0
2018-06-08,3436,2348674.15,0,0,0,0
2018-06-09,2450,1444031.63,0,0,0,0
2018-06-10,2014,1190189.88,0,0,0,0
2018-06-11,2853,2171291.53,0,0,0,0
2018-06-12,2975,2232591.04,0,0,0,0
2018-06-13,3043,2132287.73,0,0,0,0
2018-06-14,3330,2049761.95,0,0,0,0
2018-06-15,3356,2162790.45,0,0,0,0
2018-06-16,2338,1353047.38,0,0,0,0
2018-06-17,1879,1092820.63,0,0,0,0
2018-06-18,2532,1803576.21,0,0,0,0
2018-06-19,2552,1963927.52,0,0,0,0
2018-06-20,2718,1937021.72,0,0,0,0
2018-06-21,2707,1945121.32,0,0,0,0
2018-06-22,3028,2025080.39,0,0,0,0
2018-06-23,2209,1237010.73,0,0,0,0
2018-06-24,1804,1101883.93,0,0,0,0
2018-06-25,2785,2204498.89,0,0,0,0
2018-06-26,2740,2167071.51,0,0,0,0
2018-06-27,2978,2324981.21,0,0,0,0
2018-06-28,3030,2406935.63,0,0,0,0
2018-06-29,3746,2903935.52,1,0,1,0
2018-06-30,2954,1981823.88,0,0,0,0
2018-07-01,2330,1643861.4,0,0,0,0
2018-07-02,3234,2411117.69,0,1,0,0
2018-07-03,3137,2444486.22,0,0,0,0
2018-07-04,3083,2404664.49,0,0,0,0
2018-07-05,3083,2281683.12,0,0,0,0
2018-07-06,3424,2454432.45,0,0,0,0
2018-07-07,2430,1573431.28,0,0,0,0
2018-07-08,1913,1234698.29,0,0,0,0
2018-07-09,2790,2276113.42,0,0,0,0
2018-07-10,2799,2062352.03,0,0,0,0
2018-07-11,2790,2050395.62,0,0,0,0
2018-07-12,2943,2145064.91,0,0,0,0
2018-07-13,3447,2402592.25,0,0,0,0
2018-07-14,2456,1499848.64,0,0,0,0
2018-07-15,1940,1143202.17,0,0,0,0
2018-07-16,2784,2159557.61,0,0,0,0
2018-07-17,2735,2076178.04,0,0,0,0
2018-07-18,2753,2054108.72,0,0,0,0
2018-07-19,2828,1878009.17,0,0,0,0
2018-07-20,3298,2272315.2,0,0,0,0
2018-07-21,2383,1525180.74,0,0,0,0
2018-07-22,1836,1189510.08,0,0,0,0
2018-07-23,2679,2082247.72,0,0,0,0
2018-07-24,2734,2124868.33,0,0,0,0
2018-07-25,3072,2434135.36,0,0,0,0
2018-07-26,3115,2500960.04,0,0,0,0
2018-07-27,3576,2584388.1,0,0,1,0
2018-07-28,2582,1701219.75,0,0,0,0
2018-07-29,2050,1371072.47,0,0,0,0
2018-07-30,3124,2810045.3,0,0,0,0
2018-07-31,3636,3036236.09,1,0,0,0
2018-08-01,3674,2989176.92,0,1,0,0
2018-08-02,3391,2531429.85,0,0,0,0
2018-08-03,3653,2619407.5,0,0,0,0
2018-08-04,2612,1657391.48,0,0,0,0
2018-08-05,2051,1363193.64,0,0,0,0
2018-08-06,2970,2370081.03,0,0,0,0
2018-08-07,2926,2273027.89,0,0,0,0
2018-08-08,3052,2206149.33,0,0,0,0
2018-08-09,3070,2422655.65,0,0,0,0
2018-08-10,3581,2588205.93,0,0,0,0
2018-08-11,2490,1548779.11,0,0,0,0
2018-08-12,1930,1243406.93,0,0,0,0
2018-08-13,2865,2295544.94,0,0,0,0
2018-08-14,2914,2295590.94,0,0,0,0
2018-08-15,3229,2506295.84,0,0,0,0
2018-08-16,3298,2664138.49,0,0,0,0
2018-08-17,3640,2795973.23,0,0,0,0
2018-08-18,2638,1769831.67,0,0,0,0
2018-08-19,2140,1373344.6,0,0,0,0
2018-08-20,3171,2166823.98,0,0,0,0
2018-08-21,2814,2057886.25,0,0,0,0
2018-08-22,2748,2059397.41,0,0,0,0
2018-08-23,2893,2169785.28,0,0,0,0
2018-08-24,3611,2594508.87,0,0,0,0
2018-08-25,2515,1568745.4,0,0,0,0
2018-08-26,2037,1309608.43,0,0,0,0
2018-08-27,2900,2374944.85,0,0,0,0
2018-08-28,3069,2565403.04,0,0,0,0
2018-08-29,3115,2508677.18,0,0,0,0
2018-08-30,3338,2820596.3,0,0,0,0
2018-08-31,4385,3435955.25,1,0,1,0
2018-09-01,3108,2211509.42,0,0,0,0
2018-09-02,2389,1671470.27,0,0,0,0
2018-09-03,3432,2791340.27,0,1,0,0
2018-09-04,3169,2443340.24,0,0,0,0
2018-09-05,3287,2728458.77,0,0,0,0
2018-09-06,3324,2724490.98,0,0,0,0
2018-09-07,3660,2733982.33,0,0,0,0
2018-09-08,2648,1685999.59,0,0,0,0
2018-09-09,2051,1340475.18,0,0,0,0
2018-09-10,3026,2283685.14,0,0,0,0
2018-09-11,2933,2364941.94,0,0,0,0
2018-09-12,3107,2320982.57,0,0,0,0
2018-09-13,3130,2374475.14,0,0,0,0
2018-09-14,3746,2651199.88,0,0,0,0
2018-09-15,2628,1665104.6,0,0,0,0
2018-09-16,2062,1279812.83,0,0,0,0
2018-09-17,2975,2139960.51,0,0,0,0
2018-09-18,2937,2258285.79,0,0,0,0
2018-09-19,2973,2312354.66,0,0,0,0
2018-09-20,3136,2347572.07,0,0,0,0
2018-09-21,3448,2416878.66,0,0,0,0
2018-09-22,2466,1504544.77,0,0,0,0
2018-09-23,1932,1204588.43,0,0,0,0
2018-09-24,2803,2204898.46,0,0,0,0
2018-09-25,3081,2273722.68,0,0,0,0
2018-09-26,3183,2525927.33,0,0,0,0
2018-09-27,3390,2746556.35,0,0,0,0
2018-09-28,4197,3106821.18,1,0,1,0
2018-09-29,3003,1999721.65,0,0,0,0
2018-09-30,2517,1730385.84,0,0,0,0
2018-10-01,3716,2931073.01,0,1,0,0
2018-10-02,3472,2723044.74,0,0,0,0
2018-10-03,3479,2692323.64,0,0,0,0
2018-10-04,3405,2587529.91,0,0,0,0
2018-10-05,3850,2819048.27,0,0,0,0
2018-10-06,2739,1726384.84,0,0,0,0
2018-10-07,2080,1306471.6,0,0,0,0
2018-10-08,3006,2175729.06,0,0,0,0
2018-10-09,2997,2260381.98,0,0,0,0
2018-10-10,3262,2585987.03,0,0,0,0
2018-10-11,3249,2542141.2,0,0,0,0
2018-10-12,3711,2658091.84,0,0,0,0
2018-10-13,2642,1656981.93,0,0,0,0
2018-10-14,2121,1379882.01,0,0,0,0
2018-10-15,3145,2356288.42,0,0,0,0
2018-10-16,3028,2267382.54,0,0,0,0
2018-10-17,2971,2180875.72,0,0,0,0
2018-10-18,3016,2093114.9,0,0,0,0
2018-10-19,3507,2257120.56,0,0,0,0
2018-10-20,2535,1483281.86,0,0,0,0
2018-10-21,1929,1176902.05,0,0,0,0
2018-10-22,2758,1944555.62,0,0,0,0
2018-10-23,2782,2071920.35,0,0,0,0
2018-10-24,2979,2342839.65,0,0,0,0
2018-10-25,3310,2541122.36,0,0,0,0
2018-10-26,3762,2752396.87,0,0,1,0
2018-10-27,2636,1616328.32,0,0,0,0
2018-10-28,2107,1418499.05,0,0,0,0
2018-10-29,3054,2374150.31,0,0,0,0
2018-10-30,3230,2514551.63,0,0,0,0
2018-10-31,3868,3123780.93,1,0,0,0
2018-11-01,3817,3104130.06,0,1,0,0
2018-11-02,4034,3094749.28,0,0,0,0
2018-11-03,2875,1934152.68,0,0,0,0
2018-11-04,2220,1435592.15,0,0,0,0
2018-11-05,3281,2511795.32,0,0,0,0
2018-11-06,3198,2573201.47,0,0,0,0
2018-11-07,3201,2496102.46,0,0,0,0
2018-11-08,3175,2249748.42,0,0,0,0
2018-11-09,3633,2502093.21,0,0,0,0
2018-11-10,2617,1549406.58,0,0,0,0
2018-11-11,2018,1267381.69,0,0,0,0
2018-11-12,2888,2065071.41,0,0,0,0
2018-11-13,2845,2077221.81,0,0,0,0
2018-11-14,3100,2516740.95,0,0,0,0
2018-11-15,3405,2529840.92,0,0,0,0
2018-11-16,3616,2553758.74,0,0,0,0
2018-11-17,2610,1679320.08,0,0,0,0
2018-11-18,1994,1316032.08,0,0,0,0
2018-11-19,2833,2104726.71,0,0,0,0
2018-11-20,2912,2202142.96,0,0,0,0
2018-11-21,2978,2269206.67,0,0,0,0
2018-11-22,2987,2110907.63,0,0,0,0
2018-11-23,3422,2392612.23,0,0,0,0
2018-11-24,2459,1546821,0,0,0,0
2018-11-25,1989,1357839.72,0,0,0,0
2018-11-26,2955,2325638.11,0,0,0,0
2018-11-27,3023,2404996.12,0,0,0,0
2018-11-28,3242,2768057.38,0,0,0,0
2018-11-29,3363,2755337.61,0,0,0,0
2018-11-30,4386,3437823.44,1,0,1,0
2018-12-01,3234,2339950.07,0,0,0,0
2018-12-02,2489,1861439.86,0,0,0,0
2018-12-03,3557,2984691.88,0,1,0,0
2018-12-04,3350,2879461.56,0,0,0,0
2018-12-05,3415,2851257.81,0,0,0,0
2018-12-06,3264,2577789.11,0,0,0,0
2018-12-07,3677,2685874,0,0,0,0
2018-12-08,2618,1766029.77,0,0,0,0
2018-12-09,2106,1467170.49,0,0,0,0
2018-12-10,3164,2581325.61,0,0,0,0
2018-12-11,3167,2774750.66,0,0,0,0
2018-12-12,3326,2682359.87,0,0,0,0
2018-12-13,3241,2624677.37,0,0,0,0
2018-12-14,3963,3005987.77,0,0,0,0
2018-12-15,2921,2053729.91,0,0,0,0
2018-12-16,2309,1607552.94,0,0,0,0
2018-12-17,3394,2726968.09,0,0,0,0
2018-12-18,3520,2807419.26,0,0,0,0
2018-12-19,3836,2977973.49,0,0,0,0
2018-12-20,4491,3320317.54,0,0,0,0
2018-12-21,6010,3836585.73,0,0,0,0
2018-12-22,4411,2607325.5,0,0,0,0
2018-12-23,3497,1890282.95,0,0,0,0
2018-12-24,4781,2451863.27,0,0,0,0
2018-12-25,2290,1223358.25,0,0,0,0
2018-12-26,2325,1681029,0,0,0,0
2018-12-27,3108,2285312.26,0,0,0,0
2018-12-28,3712,2718266.54,0,0,1,0
2018-12-29,2869,1859444.31,0,0,0,0
2018-12-30,2413,1414313.95,0,0,0,0
2018-12-31,3483,2136128.82,1,0,0,0
2019-01-01,2177,1516021.13,0,0,0,1
2019-01-02,3159,2502094.55,0,1,0,0
2019-01-03,3285,2598023.89,0,0,0,0
2019-01-04,3637,2772406.28,0,0,0,0
2019-01-05,2795,1928677.48,0,0,0,0
2019-01-06,2182,1505530.03,0,0,0,0
2019-01-07,3130,2483627.61,0,0,0,0
2019-01-08,3056,2557997.21,0,0,0,0
2019-01-09,3129,2647222.11,0,0,0,0
2019-01-10,3294,2540066.58,0,0,0,0
2019-01-11,3690,2827684.86,0,0,0,0
2019-01-12,2731,1865354.38,0,0,0,0
2019-01-13,2135,1421083.37,0,0,0,0
2019-01-14,3019,2519278.02,0,0,0,0
2019-01-15,3136,2478543.82,0,0,0,0
2019-01-16,3162,2614278.99,0,0,0,0
2019-01-17,3110,2236473.29,0,0,0,0
2019-01-18,3588,2621150.03,0,0,0,0
2019-01-19,2673,1738568.09,0,0,0,0
2019-01-20,2061,1325714.63,0,0,0,0
2019-01-21,2952,2142271.6,0,0,0,0
2019-01-22,2855,2221220.5,0,0,0,0
2019-01-23,3061,2399673.66,0,0,0,0
2019-01-24,3173,2292264.81,0,0,0,0
2019-01-25,4074,2905105.2,0,0,1,0
2019-01-26,2873,1873668.75,0,0,0,0
2019-01-27,2240,1517153.95,0,0,0,0
2019-01-28,3193,2343622.9,0,0,0,0
2019-01-29,3229,2564291.33,0,0,0,0
2019-01-30,3536,2921495.83,0,0,0,0
2019-01-31,4216,3469115.6,1,0,0,0
2019-02-01,4606,3310453.16,0,1,0,0
2019-02-02,3292,2139372.98,0,0,0,0
2019-02-03,2533,1645248.35,0,0,0,0
2019-02-04,3445,2685285.05,0,0,0,0
2019-02-05,3403,2510102.22,0,0,0,0
2019-02-06,3350,2580838.97,0,0,0,0
2019-02-07,3393,2477899.24,0,0,0,0
2019-02-08,3867,2439915.95,0,0,0,0
2019-02-09,2867,1710158.95,0,0,0,0
2019-02-10,2218,1305168.22,0,0,0,0
2019-02-11,3122,2282807.3,0,0,0,0
2019-02-12,3188,2146679.78,0,0,0,0
2019-02-13,3426,2326673.27,0,0,0,0
2019-02-14,3561,2347737.33,0,0,0,0
2019-02-15,3967,2648786.26,0,0,0,0
2019-02-16,2892,1810547.54,0,0,0,0
2019-02-17,2206,1419322.96,0,0,0,0
2019-02-18,3121,2332777.49,0,0,0,0
2019-02-19,3039,2162721.24,0,0,0,0
2019-02-20,3419,2638650.67,0,0,0,0
2019-02-21,3345,2423479.93,0,0,0,0
2019-02-22,3809,2440408.16,0,0,1,0
2019-02-23,2733,1669265.23,0,0,0,0
2019-02-24,2151,1318395.78,0,0,0,0
2019-02-25,3458,2726538.6,0,0,0,0
2019-02-26,3464,2695621.41,0,0,0,0
2019-02-27,3950,3235243.77,0,0,0,0
2019-02-28,4849,3903874.84,1,0,0,0
2019-03-01,5151,3672851.46,0,1,0,0
2019-03-02,3590,2299503.99,0,0,0,0
2019-03-03,2762,1842244.19,0,0,0,0
2019-03-04,3824,2878002.08,0,0,0,0
2019-03-05,3724,2578244.32,0,0,0,0
2019-03-06,3678,2809423.1,0,0,0,0
2019-03-07,3728,2729921.65,0,0,0,0
2019-03-08,4207,2698492.96,0,0,0,0
2019-03-09,3049,1855276.1,0,0,0,0
2019-03-10,2351,1422359.9,0,0,0,0
2019-03-11,3339,2434495.45,0,0,0,0
2019-03-12,3441,2498595.17,0,0,0,0
2019-03-13,3419,2486650.01,0,0,0,0
2019-03-14,3652,2633545.04,0,0,0,0
2019-03-15,4392,2980315.72,0,0,0,0
2019-03-16,3106,1897979.74,0,0,0,0
2019-03-17,2381,1427212.73,0,0,0,0
2019-03-18,3313,2442817.34,0,0,0,0
2019-03-19,3326,2223445.96,0,0,0,0
2019-03-20,3615,2641196.15,0,0,0,0
2019-03-21,3542,2582591.42,0,0,0,0
2019-03-22,3951,2555077.1,0,0,0,0
2019-03-23,2899,1703849.15,0,0,0,0
2019-03-24,2293,1399731.68,0,0,0,0
2019-03-25,3566,2780119,0,0,0,0
2019-03-26,3528,2576057.02,0,0,0,0
2019-03-27,3826,2995616.94,0,0,0,0
2019-03-28,3965,2939126.59,0,0,0,0
2019-03-29,4890,3518237.66,1,0,1,0
2019-03-30,3559,2379937.23,0,0,0,0
2019-03-31,2955,1937674.51,0,0,0,0
2019-04-01,4347,3364039.79,0,1,0,0
2019-04-02,3993,2943199.03,0,0,0,0
2019-04-03,4049,3044159.05,0,0,0,0
2019-04-04,3978,2894639.49,0,0,0,0
2019-04-05,4448,2979141.51,0,0,0,0
2019-04-06,3176,1848022.02,0,0,0,0
2019-04-07,2461,1540657.9,0,0,0,0
2019-04-08,3505,2653537.76,0,0,0,0
2019-04-09,3548,2604190.35,0,0,0,0
2019-04-10,3822,2797569.97,0,0,0,0
2019-04-11,3726,2692730.17,0,0,0,0
2019-04-12,4325,2803504.92,0,0,0,0
2019-04-13,3147,1878912.59,0,0,0,0
2019-04-14,2455,1560892.7,0,0,0,0
2019-04-15,3849,2899034.13,0,0,0,0
2019-04-16,3787,2694434.2,0,0,0,0
2019-04-17,3932,2844874.85,0,0,0,0
2019-04-18,4028,2586598.78,0,0,0,0
2019-04-19,3588,1995939.56,0,0,0,0
2019-04-20,2929,1544703.36,0,0,0,0
2019-04-21,2127,1134389.18,0,0,0,0
2019-04-22,2800,1899184.88,0,0,0,0
2019-04-23,3564,2560496.96,0,0,0,0
2019-04-24,3731,2881004.35,0,0,0,0
2019-04-25,4030,3036348.68,0,0,0,0
2019-04-26,4695,3295580.38,0,0,1,0
2019-04-27,3263,2026138.44,0,0,0,0
2019-04-28,2637,1736014.92,0,0,0,0
2019-04-29,3941,3141440.83,0,0,0,0
2019-04-30,4704,3597906.63,1,0,0,0
2019-05-01,4541,3437151.91,0,1,0,0
2019-05-02,4627,3493273.56,0,0,0,0
2019-05-03,5061,3450541.95,0,0,0,0
2019-05-04,3602,2312043.41,0,0,0,0
2019-05-05,2841,1724180.03,0,0,0,0
2019-05-06,3859,2847307.43,0,0,0,0
2019-05-07,3882,2960012.43,0,0,0,0
2019-05-08,3913,2718668.28,0,0,0,0
2019-05-09,4033,2887885.93,0,0,0,0
2019-05-10,4805,3316714.34,0,0,0,0
2019-05-11,3527,2066844.05,0,0,0,0
2019-05-12,2803,1574463.97,0,0,0,0
2019-05-13,3519,2690473.78,0,0,0,0
2019-05-14,3669,2485634.57,0,0,0,0
2019-05-15,4098,3158946.79,0,0,0,0
2019-05-16,3951,2906566.61,0,0,0,0
2019-05-17,4357,2751715.56,0,0,0,0
2019-05-18,3142,1936916.74,0,0,0,0
2019-05-19,2404,1505653.56,0,0,0,0
2019-05-20,3646,2755310.8,0,0,0,0
2019-05-21,3565,2599885.94,0,0,0,0
2019-05-22,3690,2517966.73,0,0,0,0
2019-05-23,3768,2776402.76,0,0,0,0
2019-05-24,4738,3149274.49,0,0,0,0
2019-05-25,3354,2141841.31,0,0,0,0
2019-05-26,2640,1686573.07,0,0,0,0
2019-05-27,3743,2847882.87,0,0,0,0
2019-05-28,3989,3161821.81,0,0,0,0
2019-05-29,4157,3335658.87,0,0,0,0
2019-05-30,4376,2836985.11,0,0,0,0
2019-05-31,5702,4271773.04,1,0,1,0
2019-06-01,4247,2832155.38,0,0,0,0
2019-06-02,3235,2145597.7,0,0,0,0
2019-06-03,4682,3442118.91,0,1,0,0
2019-06-04,4257,2544086.86,0,0,0,0
2019-06-05,3965,2958982.06,0,0,0,0
2019-06-06,3967,3037736.53,0,0,0,0
2019-06-07,4586,3077348.33,0,0,0,0
2019-06-08,3278,2152826.35,0,0,0,0
2019-06-09,2449,1547598.9,0,0,0,0
2019-06-10,3618,2736767.42,0,0,0,0
2019-06-11,3615,2191829.98,0,0,0,0
2019-06-12,3830,2926870.04,0,0,0,0
2019-06-13,3907,2901030.8,0,0,0,0
2019-06-14,4720,2950211.05,0,0,0,0
2019-06-15,3362,2011966.48,0,0,0,0
2019-06-16,2758,1659432.44,0,0,0,0
2019-06-17,3639,2687584.06,0,0,0,0
2019-06-18,3515,2598147.88,0,0,0,0
2019-06-19,3669,2742304.08,0,0,0,0
2019-06-20,3947,2965077.51,0,0,0,0
2019-06-21,4407,2378477.84,0,0,0,0
2019-06-22,3095,1942549.17,0,0,0,0
2019-06-23,2416,1552208.21,0,0,0,0
2019-06-24,3483,2718269.35,0,0,0,0
2019-06-25,3843,2789876.51,0,0,0,0
2019-06-26,3927,3121373.66,0,0,0,0
2019-06-27,4202,3346096.03,0,0,0,0
2019-06-28,5286,3792503.55,1,0,1,0
2019-06-29,3668,2436545.99,0,0,0,0
2019-06-30,2803,1903968.31,0,0,0,0
2019-07-01,4618,3626322.91,0,1,0,0
2019-07-02,4259,2950872.61,0,0,0,0
2019-07-03,4336,3502609.35,0,0,0,0
2019-07-04,4275,3331626.79,0,0,0,0
2019-07-05,4663,3024244.89,0,0,0,0
2019-07-06,3303,2044544.41,0,0,0,0
2019-07-07,2556,1630582.1,0,0,0,0
2019-07-08,1862,1392018.01,0,0,0,0
2019-07-09,4441,3011184.5,0,0,0,0
2019-07-10,4026,3021957.23,0,0,0,0
2019-07-11,3932,2822450.15,0,0,0,0
2019-07-12,4440,3107742.85,0,0,0,0
2019-07-13,3324,2074944.61,0,0,0,0
2019-07-14,2541,1649274.3,0,0,0,0
2019-07-15,3892,2987335.97,0,0,0,0
2019-07-16,3764,2436454.77,0,0,0,0
2019-07-17,3742,2841049.82,0,0,0,0
2019-07-18,3859,2879417.46,0,0,0,0
2019-07-19,4531,3072851.41,0,0,0,0
2019-07-20,3172,1961108.35,0,0,0,0
2019-07-21,2463,1518578.24,0,0,0,0
2019-07-22,3615,2734359.3,0,0,0,0
2019-07-23,3577,2791276.24,0,0,0,0
2019-07-24,3782,2568084.86,0,0,0,0
2019-07-25,4256,3212014.87,0,0,0,0
2019-07-26,4917,3237266.18,0,0,1,0
2019-07-27,3386,2121458.98,0,0,0,0
2019-07-28,2657,1712625.86,0,0,0,0
2019-07-29,3941,3179377.05,0,0,0,0
2019-07-30,4179,3378440.53,0,0,0,0
2019-07-31,4982,4160646.91,1,0,0,0
2019-08-01,4965,4058020.1,0,1,0,0
2019-08-02,5261,3757378.77,0,0,0,0
2019-08-03,3759,2679408.8,0,0,0,0
2019-08-04,2885,1999998.85,0,0,0,0
2019-08-05,4316,3504466.83,0,0,0,0
2019-08-06,4359,3660997.14,0,0,0,0
2019-08-07,4353,3306472.32,0,0,0,0
2019-08-08,4431,3451544.21,0,0,0,0
2019-08-09,5159,3498123.09,0,0,0,0
2019-08-10,3762,2249394.35,0,0,0,0
2019-08-11,2653,1602237.95,0,0,0,0
2019-08-12,3571,2620897.88,0,0,0,0
2019-08-13,3639,2747392.43,0,0,0,0
2019-08-14,4028,2972709.88,0,0,0,0
2019-08-15,4327,3253171.06,0,0,0,0
2019-08-16,4733,3326859.85,0,0,0,0
2019-08-17,3338,2138121.97,0,0,0,0
2019-08-18,2599,1610984.68,0,0,0,0
2019-08-19,3729,2811790.39,0,0,0,0
2019-08-20,3937,2932423.78,0,0,0,0
2019-08-21,3922,2804336.15,0,0,0,0
2019-08-22,3974,2925716.07,0,0,0,0
2019-08-23,4903,3412887.34,0,0,0,0
2019-08-24,3405,2171860.65,0,0,0,0
2019-08-25,2617,1695405.67,0,0,0,0
2019-08-26,3767,2971740.28,0,0,0,0
2019-08-27,4016,2959865.18,0,0,0,0
2019-08-28,4267,3410213.18,0,0,0,0
2019-08-29,4450,3474132.02,0,0,0,0
2019-08-30,5682,4114934.43,1,0,1,0
2019-08-31,4078,2706829.6,0,0,0,0
2019-09-01,3360,2292914.13,0,0,0,0
2019-09-02,4571,3542325.38,0,1,0,0
2019-09-03,4335,3225716.75,0,0,0,0
2019-09-04,4426,3546697.32,0,0,0,0
2019-09-05,4540,3543277.11,0,0,0,0
2019-09-06,5129,3501141.77,0,0,0,0
2019-09-07,3515,2201645.25,0,0,0,0
2019-09-08,2826,1735503.18,0,0,0,0
2019-09-09,3929,2877787.46,0,0,0,0
2019-09-10,3950,2940601.38,0,0,0,0
2019-09-11,3955,2690557.34,0,0,0,0
2019-09-12,4231,2987664.37,0,0,0,0
2019-09-13,5007,3288731.25,0,0,0,0
2019-09-14,3601,2252196.43,0,0,0,0
2019-09-15,2789,1672293.57,0,0,0,0
2019-09-16,3980,2913596.62,0,0,0,0
2019-09-17,3841,2564181.08,0,0,0,0
2019-09-18,3925,2796773.84,0,0,0,0
2019-09-19,3958,2713921.96,0,0,0,0
2019-09-20,4814,3128805.7,0,0,0,0
2019-09-21,3369,1933435.48,0,0,0,0
2019-09-22,2622,1581792.64,0,0,0,0
2019-09-23,3718,2732948.74,0,0,0,0
2019-09-24,3723,2551415.41,0,0,0,0
2019-09-25,3999,3043916.4,0,0,0,0
2019-09-26,4416,3244414.74,0,0,0,0
2019-09-27,5257,3565506.74,0,0,1,0
2019-09-28,3844,2488132.84,0,0,0,0
2019-09-29,3100,2045645.86,0,0,0,0
2019-09-30,5078,4053218.04,1,0,0,0
2019-10-01,5091,3842536.97,0,1,0,0
2019-10-02,4838,3805552.19,0,0,0,0
2019-10-03,4876,3650028.56,0,0,0,0
2019-10-04,5148,3432750.06,0,0,0,0
2019-10-05,3941,2405832.88,0,0,0,0
2019-10-06,2962,1812252.55,0,0,0,0
2019-10-07,4054,2850087.76,0,0,0,0
2019-10-08,4024,2866832.91,0,0,0,0
2019-10-09,4126,2639314.84,0,0,0,0
2019-10-10,4435,3161214.05,0,0,0,0
2019-10-11,5052,3468390.6,0,0,0,0
2019-10-12,3615,2173553.51,0,0,0,0
2019-10-13,2839,1716758,0,0,0,0
2019-10-14,3948,2786477.32,0,0,0,0
2019-10-15,4256,3076533.69,0,0,0,0
2019-10-16,4346,3064671.42,0,0,0,0
2019-10-17,4195,3057941.65,0,0,0,0
2019-10-18,5077,3565281.34,0,0,0,0
2019-10-19,3720,2312537.11,0,0,0,0
2019-10-20,2881,1784526.87,0,0,0,0
2019-10-21,4010,2844489.78,0,0,0,0
2019-10-22,3631,2037921.31,0,0,0,0
2019-10-23,4221,2904981.7,0,0,0,0
2019-10-24,4274,2910873.08,0,0,0,0
2019-10-25,5335,3442029.3,0,0,1,0
2019-10-26,3766,2169268.91,0,0,0,0
2019-10-27,2918,1685496,0,0,0,0
2019-10-28,4165,2998394.58,0,0,0,0
2019-10-29,4229,2981316.24,0,0,0,0
2019-10-30,4620,3402207.02,0,0,0,0
2019-10-31,5488,4205332.6,1,0,0,0
2019-11-01,6013,4041113.51,0,1,0,0
2019-11-02,4181,2595407.97,0,0,0,0
2019-11-03,3253,2037272.7,0,0,0,0
2019-11-04,4537,3270726.79,0,0,0,0
2019-11-05,4539,2991506.29,0,0,0,0
2019-11-06,4571,3292997.26,0,0,0,0
2019-11-07,3865,2649485.25,0,0,0,0
2019-11-08,5441,3424684.84,0,0,0,0
2019-11-09,3811,2257017.94,0,0,0,0
2019-11-10,2890,1683896.71,0,0,0,0
2019-11-11,3968,2761421.76,0,0,0,0
2019-11-12,4043,2680277.86,0,0,0,0
2019-11-13,4269,3173525.31,0,0,0,0
2019-11-14,4369,2981386.56,0,0,0,0
2019-11-15,5475,3752912.17,0,0,0,0
2019-11-16,3931,2379008.39,0,0,0,0
2019-11-17,2944,1816391.95,0,0,0,0
2019-11-18,3941,2869056.98,0,0,0,0
2019-11-19,4136,2988205,0,0,0,0
2019-11-20,4311,2873613.55,0,0,0,0
2019-11-21,4209,2911478.96,0,0,0,0
2019-11-22,4884,3089760.69,0,0,0,0
2019-11-23,3630,2114204.29,0,0,0,0
2019-11-24,2808,1682729.47,0,0,0,0
2019-11-25,4346,3178755,0,0,0,0
2019-11-26,4220,3125165.58,0,0,0,0
2019-11-27,4675,3501467.87,0,0,0,0
2019-11-28,5014,3681429.16,0,0,0,0
2019-11-29,5806,4112002.91,1,0,1,0
2019-11-30,4372,2842446.01,0,0,0,0
2019-12-01,3659,2487587.3,0,0,0,0
2019-12-02,5066,4010504.45,0,1,0,0
2019-12-03,4954,3733224.77,0,0,0,0
2019-12-04,4840,3748867.39,0,0,0,0
2019-12-05,4767,3618912.54,0,0,0,0
2019-12-06,5417,3799214.01,0,0,0,0
2019-12-07,3865,2385279.13,0,0,0,0
2019-12-08,3052,1890735.63,0,0,0,0
2019-12-09,4296,2691803.02,0,0,0,0
2019-12-10,4422,3290955.21,0,0,0,0
2019-12-11,4501,3214569.93,0,0,0,0
2019-12-12,4598,3407872.37,0,0,0,0
2019-12-13,5769,4149578.99,0,0,0,0
2019-12-14,3748,2323907.23,0,0,0,0
2019-12-15,3251,2095334.77,0,0,0,0
2019-12-16,4692,3130072.7,0,0,0,0
2019-12-17,4715,3417825.82,0,0,0,0
2019-12-18,4985,3520533.36,0,0,0,0
2019-12-19,5394,3527590.84,0,0,0,0
2019-12-20,7311,4868089.58,0,0,0,0
2019-12-21,5499,3218875.4,0,0,0,0
2019-12-22,4423,2542500.47,0,0,0,0
2019-12-23,7792,4681804.46,0,0,0,0
2019-12-24,7576,3665025.25,0,0,0,0
2019-12-25,3565,1818889.81,0,0,0,0
2019-12-26,3495,2354127.17,0,0,0,0
2019-12-27,4815,3197345.95,0,0,1,0
2019-12-28,3667,2289414.86,0,0,0,0
2019-12-29,3085,1872464.28,0,0,0,0
2019-12-30,5051,3402635.88,0,0,0,0
2019-12-31,5510,3507671.76,1,0,0,0
2020-01-01,3337,2269942.72,0,0,0,1
2020-01-02,4510,3333990.92,0,1,0,0
2020-01-03,5102,3655282.02,0,0,0,0
2020-01-04,3927,2549591.45,0,0,0,0
2020-01-05,3173,2054503.47,0,0,0,0
2020-01-06,4427,3134022.41,0,0,0,0
2020-01-07,4479,3283446.48,0,0,0,0
2020-01-08,4357,3183692.03,0,0,0,0
2020-01-09,4432,2985376.53,0,0,0,0
2020-01-10,5265,3464730.04,0,0,0,0
2020-01-11,3856,2292279.92,0,0,0,0
2020-01-12,3005,1796706.28,0,0,0,0
2020-01-13,4136,2678402.49,0,0,0,0
2020-01-14,4260,3022923.48,0,0,0,0
2020-01-15,4651,3239530.03,0,0,0,0
2020-01-16,4543,3234089.04,0,0,0,0
2020-01-17,5084,3283324.68,0,0,0,0
2020-01-18,3758,2182629.15,0,0,0,0
2020-01-19,2948,1750608.74,0,0,0,0
2020-01-20,4201,2733005.07,0,0,0,0
2020-01-21,4079,2860472.31,0,0,0,0
2020-01-22,4111,2993673.18,0,0,0,0
2020-01-23,4285,3064281.72,0,0,0,0
2020-01-24,5434,3515622.17,0,0,0,0
2020-01-25,3878,2320172.67,0,0,0,0
2020-01-26,3019,1835631.86,0,0,0,0
2020-01-27,4175,2904287.48,0,0,0,0
2020-01-28,4345,3088367.64,0,0,0,0
2020-01-29,4481,3196237.59,0,0,0,0
2020-01-30,4901,3485880.52,0,0,0,0
2020-01-31,6502,4828857.31,1,0,1,0
2020-02-01,4928,3226886.97,0,0,0,0
2020-02-02,3709,2404750,0,0,0,0
2020-02-03,4987,3394385.09,0,1,0,0
2020-02-04,4786,3454704.88,0,0,0,0
2020-02-05,4765,3380048.48,0,0,0,0
2020-02-06,4732,2890453.09,0,0,0,0
2020-02-07,5436,3458991.74,0,0,0,0
2020-02-08,4012,2301608.31,0,0,0,0
2020-02-09,3137,1771574.67,0,0,0,0
2020-02-10,4450,2972961.45,0,0,0,0
2020-02-11,4312,3000761.65,0,0,0,0
2020-02-12,4602,3037781.56,0,0,0,0
2020-02-13,4853,3183315.17,0,0,0,0
2020-02-14,6056,3580165.61,0,0,0,0
2020-02-15,4027,2353646.24,0,0,0,0
2020-02-16,3134,1857334.93,0,0,0,0
2020-02-17,4193,2621688.06,0,0,0,0
2020-02-18,4111,2740725.46,0,0,0,0
2020-02-19,4376,2868389.9,0,0,0,0
2020-02-20,4704,3138741.04,0,0,0,0
2020-02-21,5015,3086924.34,0,0,0,0
2020-02-22,4029,2334218.68,0,0,0,0
2020-02-23,3010,1683514.37,0,0,0,0
2020-02-24,4206,2636983.64,0,0,0,0
2020-02-25,4616,2936710.67,0,0,0,0
2020-02-26,4796,3398267.92,0,0,0,0
2020-02-27,5135,3799694.55,0,0,0,0
2020-02-28,6918,4967413.02,1,0,1,0
2020-02-29,5036,3359804.86,0,0,0,0
2020-03-01,4056,2716419.94,0,0,0,0
2020-03-02,5525,4142130.08,0,1,0,0
2020-03-03,5338,4124932.47,0,0,0,0
2020-03-04,5253,3922290.12,0,0,0,0
2020-03-05,5299,4000257.02,0,0,0,0
2020-03-06,5975,4185049.31,0,0,0,0
2020-03-07,4391,2804575.02,0,0,0,0
2020-03-08,3391,2177798.76,0,0,0,0
2020-03-09,4600,3374014.04,0,0,0,0
2020-03-10,4814,3794981.54,0,0,0,0
2020-03-11,4751,3431120.56,0,0,0,0
2020-03-12,4910,3089477.19,0,0,0,0
2020-03-13,5967,4225394.53,0,0,0,0
2020-03-14,4357,2657607.47,0,0,0,0
2020-03-15,3344,1967699.47,0,0,0,0
2020-03-16,4557,3129391.33,0,0,0,0
2020-03-17,4442,3107151.14,0,0,0,0
2020-03-18,4570,2796752.71,0,0,0,0
2020-03-19,4629,3166493.84,0,0,0,0
2020-03-20,5542,3449084.67,0,0,0,0
2020-03-21,4167,2206160.36,0,0,0,0
2020-03-22,3162,1590699.82,0,0,0,0
2020-03-23,4218,2700781.16,0,0,0,0
2020-03-24,4530,2926861.78,0,0,0,0
2020-03-25,5135,3331862.73,0,0,0,0
2020-03-26,5287,3366530.43,0,0,0,0
2020-03-27,6447,3655960.08,0,0,1,0
2020-03-28,5272,2786605.58,0,0,0,0
2020-03-29,3839,1964428.12,0,0,0,0
2020-03-30,4664,2516062.86,0,0,0,0
2020-03-31,5769,3652372.51,1,0,0,0
2020-04-01,5909,3819032.68,0,1,0,0
2020-04-02,5714,3418948.23,0,0,0,0
2020-04-03,6207,3585493.21,0,0,0,0
2020-04-04,4797,2414712.37,0,0,0,0
2020-04-05,3804,1846052.65,0,0,0,0
2020-04-06,4981,2912540.59,0,0,0,0
2020-04-07,5173,2653914.12,0,0,0,0
2020-04-08,5457,3145594.73,0,0,0,0
2020-04-09,5926,3342906.56,0,0,0,0
2020-04-10,5883,3131415.01,0,0,0,0
2020-04-11,4832,2176391.78,0,0,0,0
2020-04-12,3883,1671571.44,0,0,0,0
2020-04-13,4522,2452160.27,0,0,0,0
2020-04-14,5602,3566881.16,0,0,0,0
2020-04-15,6692,3363198.64,0,0,0,0
2020-04-16,6423,3749952.79,0,0,0,0
2020-04-17,6808,3971762.6,0,0,0,0
2020-04-18,5376,2804298.42,0,0,0,0
2020-04-19,4445,2209919.81,0,0,0,0
2020-04-20,5624,3405366.56,0,0,0,0
2020-04-21,5778,3076099.93,0,0,0,0
2020-04-22,5834,3524260.97,0,0,0,0
2020-04-23,5215,3114401.04,0,0,0,0
2020-04-24,7311,4087389.96,0,0,1,0
2020-04-25,5371,2955259.43,0,0,0,0
2020-04-26,4347,2285228.63,0,0,0,0
2020-04-27,6014,4060244.42,0,0,0,0
2020-04-28,6157,4204443.19,0,0,0,0
2020-04-29,6609,4348872.5,0,0,0,0
2020-04-30,7839,5466118.45,1,0,0,0
2020-05-01,8081,4897505.81,0,1,0,0
2020-05-02,6140,3479380.54,0,0,0,0
2020-05-03,4933,2787086.83,0,0,0,0
2020-05-04,6475,4317394.2,0,0,0,0
2020-05-05,6674,4577733.74,0,0,0,0
2020-05-06,6465,4264448.44,0,0,0,0
2020-05-07,6938,4041598.94,0,0,0,0
2020-05-08,7232,4768368.96,0,0,0,0
2020-05-09,5516,3070786.76,0,0,0,0
2020-05-10,5591,2841731.35,0,0,0,0
2020-05-11,5875,4020722.18,0,0,0,0
2020-05-12,6032,4114900.74,0,0,0,0
2020-05-13,6183,4205518.9,0,0,0,0
2020-05-14,6353,4315308.34,0,0,0,0
2020-05-15,7521,4269600.21,0,0,0,0
2020-05-16,5640,3315315.89,0,0,0,0
2020-05-17,4710,2655222.33,0,0,0,0
2020-05-18,6346,4594111.58,0,0,0,0
2020-05-19,6442,4942956.92,0,0,0,0
2020-05-20,7038,5265813.1,0,0,0,0
2020-05-21,6833,4672367.94,0,0,0,0
2020-05-22,7767,4359556.51,0,0,0,0
2020-05-23,5963,3236894.23,0,0,0,0
2020-05-24,4387,2444755.69,0,0,0,0
2020-05-25,5352,3790598.2,0,0,0,0
2020-05-26,6006,4894053.73,0,0,0,0
2020-05-27,6314,5027600.72,0,0,0,0
2020-05-28,6538,5198010.76,0,0,0,0
2020-05-29,8305,6331651.72,1,0,1,0
2020-05-30,6077,4039800.13,0,0,0,0
2020-05-31,5115,3465824.06,0,0,0,0
2020-06-01,7222,6002219.29,0,1,0,0
2020-06-02,6984,5939085.21,0,0,0,0
2020-06-03,7129,6209670.24,0,0,0,0
2020-06-04,6943,5772523.5,0,0,0,0
2020-06-05,7641,5935559.99,0,0,0,0
2020-06-06,5730,3725498.05,0,0,0,0
2020-06-07,4663,3049642.54,0,0,0,0
2020-06-08,6112,4798631.1,0,0,0,0
2020-06-09,6113,4915197.66,0,0,0,0
2020-06-10,6590,5441676.03,0,0,0,0
2020-06-11,6346,4765427.08,0,0,0,0
2020-06-12,7138,3051383.49,0,0,0,0
2020-06-13,5542,3405805.64,0,0,0,0
2020-06-14,4551,2909389.25,0,0,0,0
2020-06-15,6375,5082935.71,0,0,0,0
2020-06-16,6335,5389124.57,0,0,0,0
2020-06-17,6192,4820878.59,0,0,0,0
2020-06-18,6240,4777116,0,0,0,0
2020-06-19,6991,4234159.58,0,0,0,0
2020-06-20,5331,3315957.16,0,0,0,0
2020-06-21,4642,2813099.06,0,0,0,0
2020-06-22,5800,4680712.92,0,0,0,0
2020-06-23,5799,4777378.48,0,0,0,0
2020-06-24,5988,4792389.78,0,0,0,0
2020-06-25,6527,5039858.06,0,0,0,0
2020-06-26,7463,5290814.79,0,0,1,0
2020-06-27,5526,3508913.64,0,0,0,0
2020-06-28,4598,3000838.45,0,0,0,0
2020-06-29,6378,5142451.81,0,0,0,0
2020-06-30,7745,6354403.11,1,0,0,0
2020-07-01,8139,6753353.43,0,1,0,0
2020-07-02,7655,6145726.81,0,0,0,0
2020-07-03,7827,3696369.66,0,0,0,0
2020-07-04,5649,3576724.58,0,0,0,0
2020-07-05,4669,2955438.76,0,0,0,0
2020-07-06,6382,4928086.98,0,0,0,0
2020-07-07,6503,5090683.64,0,0,0,0
2020-07-08,6527,4750381.91,0,0,0,0
2020-07-09,6649,5574791.35,0,0,0,0
2020-07-10,7356,5404631.62,0,0,0,0
2020-07-11,5502,3547804.09,0,0,0,0
2020-07-12,4489,2968208.26,0,0,0,0
2020-07-13,6120,4476322.99,0,0,0,0
2020-07-14,6135,4982122.32,0,0,0,0
2020-07-15,6947,5742519.16,0,0,0,0
2020-07-16,6602,5095639.49,0,0,0,0
2020-07-17,7055,4896847.73,0,0,0,0
2020-07-18,5338,3420870.75,0,0,0,0
2020-07-19,4384,2882526.19,0,0,0,0
2020-07-20,6143,4515673.74,0,0,0,0
2020-07-21,6164,5481965.94,0,0,0,0
2020-07-22,6534,5950207.91,0,0,0,0
2020-07-23,6545,5508354.75,0,0,0,0
2020-07-24,7618,5774725.49,0,0,0,0
2020-07-25,5714,3796254.69,0,0,0,0
2020-07-26,4796,3249095.4,0,0,0,0
2020-07-27,6771,5648394.6,0,0,0,0
2020-07-28,6865,5012146.31,0,0,0,0
2020-07-29,7379,6153050.28,0,0,0,0
2020-07-30,7877,5691375.48,0,0,0,0
2020-07-31,8479,6545184.47,1,0,1,0
2020-08-01,6282,4174224.31,0,0,0,0
2020-08-02,5109,3381113.48,0,0,0,0
2020-08-03,6915,4499195.03,0,1,0,0
2020-08-04,6623,5247943.6,0,0,0,0
2020-08-05,6898,5965762.53,0,0,0,0
2020-08-06,6728,5150798.51,0,0,0,0
2020-08-07,7174,5002051.58,0,0,0,0
2020-08-08,5283,3247233.32,0,0,0,0
2020-08-09,4321,2653372.13,0,0,0,0
2020-08-10,5881,3920755.13,0,0,0,0
2020-08-11,5949,4569351.76,0,0,0,0
2020-08-12,6004,4420802.1,0,0,0,0
2020-08-13,6280,4802813.63,0,0,0,0
2020-08-14,7285,5173904.4,0,0,0,0
2020-08-15,5445,3370276.72,0,0,0,0
2020-08-16,4652,2945395.46,0,0,0,0
2020-08-17,5707,3809642.54,0,0,0,0
2020-08-18,5661,4529683.82,0,0,0,0
2020-08-19,5825,4613695.79,0,0,0,0
2020-08-20,5749,4161936.84,0,0,0,0
2020-08-21,6336,4141397.9,0,0,0,0
2020-08-22,4964,2893422.43,0,0,0,0
2020-08-23,4024,2421937.1,0,0,0,0
2020-08-24,5495,4146129.72,0,0,0,0
2020-08-25,6011,4254286.74,0,0,0,0
2020-08-26,6074,4504969.18,0,0,0,0
2020-08-27,6515,4988875.68,0,0,0,0
2020-08-28,7686,5824916.34,0,0,1,0
2020-08-29,5622,3778264.55,0,0,0,0
2020-08-30,4618,3133444.45,0,0,0,0
2020-08-31,6772,5288278.45,1,0,0,0
2020-09-01,7409,5993345.96,0,1,0,0
2020-09-02,6717,5056381.07,0,0,0,0
2020-09-03,6702,4127682.91,0,0,0,0
2020-09-04,7294,4783731.59,0,0,0,0
2020-09-05,5529,3272774.56,0,0,0,0
2020-09-06,4364,2564103.32,0,0,0,0
2020-09-07,5734,3570798.07,0,0,0,0
2020-09-08,5573,3999083.07,0,0,0,0
2020-09-09,5997,4410597.45,0,0,0,0
2020-09-10,6266,4584278.46,0,0,0,0
2020-09-11,6893,4618182.74,0,0,0,0
2020-09-12,5126,3087169.97,0,0,0,0
2020-09-13,4176,2663794.93,0,0,0,0
2020-09-14,5765,4189308.22,0,0,0,0
2020-09-15,6294,4888208.86,0,0,0,0
2020-09-16,6060,4600150.78,0,0,0,0
2020-09-17,6026,4503861.33,0,0,0,0
2020-09-18,6976,4764004.35,0,0,0,0
2020-09-19,5044,3095516.41,0,0,0,0
2020-09-20,4025,2532944.87,0,0,0,0
2020-09-21,5664,3883333.32,0,0,0,0
2020-09-22,5477,4054293.13,0,0,0,0
2020-09-23,5733,4303731.2,0,0,0,0
2020-09-24,6021,4552769.66,0,0,0,0
2020-09-25,7316,5071740.52,0,0,1,0
2020-09-26,5345,3313560.75,0,0,0,0
2020-09-27,4369,2870749.41,0,0,0,0
2020-09-28,6159,4643469.85,0,0,0,0
2020-09-29,6300,5155968.53,0,0,0,0
2020-09-30,7655,6135032.32,1,0,0,0
2020-10-01,8370,6605300.81,0,1,0,0
2020-10-02,8333,5765429.01,0,0,0,0
2020-10-03,6181,3948985.87,0,0,0,0
2020-10-04,4940,3237376.1,0,0,0,0
2020-10-05,6650,5135677.47,0,0,0,0
2020-10-06,5970,4093960.04,0,0,0,0
2020-10-07,6497,4664429.55,0,0,0,0
2020-10-08,6554,4819110.06,0,0,0,0
2020-10-09,7211,4794236.36,0,0,0,0
2020-10-10,5487,3568122.39,0,0,0,0
2020-10-11,4436,2908713.51,0,0,0,0
2020-10-12,5726,3834175.16,0,0,0,0
2020-10-13,5545,4138082.94,0,0,0,0
2020-10-14,6127,4577649.95,0,0,0,0
2020-10-15,6647,4936219.23,0,0,0,0
2020-10-16,7056,4930367.21,0,0,0,0
2020-10-17,5204,3227774.69,0,0,0,0
2020-10-18,4218,2570329.3,0,0,0,0
2020-10-19,5681,4156051.69,0,0,0,0
2020-10-20,5893,4041628,0,0,0,0
2020-10-21,6004,4902663.11,0,0,0,0
2020-10-22,6020,4193429.91,0,0,0,0
2020-10-23,6990,4616906.74,0,0,0,0
2020-10-24,5193,3115489.94,0,0,0,0
2020-10-25,4080,2543195.2,0,0,0,0
2020-10-26,5614,3492112.37,0,0,0,0
2020-10-27,5891,4449424.13,0,0,0,0
2020-10-28,6013,4734693.59,0,0,0,0
2020-10-29,6308,4606828.5,0,0,0,0
2020-10-30,8239,5952669.99,1,0,1,0
2020-10-31,6113,3837031.08,0,0,0,0
2020-11-01,5031,3308885.3,0,0,0,0
2020-11-02,6646,5120917.12,0,1,0,0
2020-11-03,6759,4974177.24,0,0,0,0
2020-11-04,6147,4996258.44,0,0,0,0
2020-11-05,6731,5351479.62,0,0,0,0
2020-11-06,7450,5432228.75,0,0,0,0
2020-11-07,5608,3670242.08,0,0,0,0
2020-11-08,4512,2991848.04,0,0,0,0
2020-11-09,6037,4603335.28,0,0,0,0
2020-11-10,6301,4927437.53,0,0,0,0
2020-11-11,6183,4932155.71,0,0,0,0
2020-11-12,6298,4354785.92,0,0,0,0
2020-11-13,7377,4960434.14,0,0,0,0
2020-11-14,5644,3483246.45,0,0,0,0
2020-11-15,4508,2755218.1,0,0,0,0
2020-11-16,5874,4083316.25,0,0,0,0
2020-11-17,5939,4534282.33,0,0,0,0
2020-11-18,5926,4471202.31,0,0,0,0
2020-11-19,5949,4022310.7,0,0,0,0
2020-11-20,7058,4605802.14,0,0,0,0
2020-11-21,5251,3177725.04,0,0,0,0
2020-11-22,4174,2576619.91,0,0,0,0
2020-11-23,5554,4063799.09,0,0,0,0
2020-11-24,5821,4606946.43,0,0,0,0
2020-11-25,6634,5140928.34,0,0,0,0
2020-11-26,6650,4958220.45,0,0,0,0
2020-11-27,6990,4928853.86,0,0,1,0
2020-11-28,5981,3911454.86,0,0,0,0
2020-11-29,4785,3310413.17,0,0,0,0
2020-11-30,7443,5829241.55,1,0,0,0
2020-12-01,,,0,1,0,0
2020-12-02,,,0,0,0,0
2020-12-03,,,0,0,0,0
2020-12-04,,,0,0,0,0
2020-12-05,,,0,0,0,0
2020-12-06,,,0,0,0,0
2020-12-07,,,0,0,0,0
2020-12-08,,,0,0,0,0
2020-12-09,,,0,0,0,0
2020-12-10,,,0,0,0,0
2020-12-11,,,0,0,0,0
2020-12-12,,,0,0,0,0
2020-12-13,,,0,0,0,0
2020-12-14,,,0,0,0,0
2020-12-15,,,0,0,0,0
2020-12-16,,,0,0,0,0
2020-12-17,,,0,0,0,0
2020-12-18,,,0,0,0,0
2020-12-19,,,0,0,0,0
2020-12-20,,,0,0,0,0
2020-12-21,,,0,0,0,0
2020-12-22,,,0,0,0,0
2020-12-23,,,0,0,0,0
2020-12-24,,,0,0,0,0
2020-12-25,,,0,0,1,0
2020-12-26,,,0,0,0,0
2020-12-27,,,0,0,0,0
2020-12-28,,,0,0,0,0
2020-12-29,,,0,0,0,0
2020-12-30,,,0,0,0,0
2020-12-31,,,1,0,0,0
2021-01-01,,,0,0,0,1
2021-01-02,,,0,0,0,0
2021-01-03,,,0,0,0,0
2021-01-04,,,0,1,0,0
2021-01-05,,,0,0,0,0
2021-01-06,,,0,0,0,0
2021-01-07,,,0,0,0,0
2021-01-08,,,0,0,0,0
2021-01-09,,,0,0,0,0
2021-01-10,,,0,0,0,0
2021-01-11,,,0,0,0,0
2021-01-12,,,0,0,0,0
2021-01-13,,,0,0,0,0
2021-01-14,,,0,0,0,0
2021-01-15,,,0,0,0,0
2021-01-16,,,0,0,0,0
2021-01-17,,,0,0,0,0
2021-01-18,,,0,0,0,0
2021-01-19,,,0,0,0,0
2021-01-20,,,0,0,0,0
2021-01-21,,,0,0,0,0
2021-01-22,,,0,0,0,0
2021-01-23,,,0,0,0,0
2021-01-24,,,0,0,0,0
2021-01-25,,,0,0,0,0
2021-01-26,,,0,0,0,0
2021-01-27,,,0,0,0,0
2021-01-28,,,0,0,0,0
2021-01-29,,,1,0,1,0
2021-01-30,,,0,0,0,0
2021-01-31,,,0,0,0,0
2021-02-01,,,0,1,0,0
2021-02-02,,,0,0,0,0
2021-02-03,,,0,0,0,0
2021-02-04,,,0,0,0,0
2021-02-05,,,0,0,0,0
2021-02-06,,,0,0,0,0
2021-02-07,,,0,0,0,0
2021-02-08,,,0,0,0,0
2021-02-09,,,0,0,0,0
2021-02-10,,,0,0,0,0
2021-02-11,,,0,0,0,0
2021-02-12,,,0,0,0,0
2021-02-13,,,0,0,0,0
2021-02-14,,,0,0,0,0
2021-02-15,,,0,0,0,0
2021-02-16,,,0,0,0,0
2021-02-17,,,0,0,0,0
2021-02-18,,,0,0,0,0
2021-02-19,,,0,0,0,0
2021-02-20,,,0,0,0,0
2021-02-21,,,0,0,0,0
2021-02-22,,,0,0,0,0
2021-02-23,,,0,0,0,0
2021-02-24,,,0,0,0,0
2021-02-25,,,0,0,0,0
2021-02-26,,,1,0,1,0
2021-02-27,,,0,0,0,0
2021-02-28,,,0,0,0,0
2021-03-01,,,0,1,0,0
2021-03-02,,,0,0,0,0
2021-03-03,,,0,0,0,0
2021-03-04,,,0,0,0,0
2021-03-05,,,0,0,0,0
2021-03-06,,,0,0,0,0
2021-03-07,,,0,0,0,0
2021-03-08,,,0,0,0,0
2021-03-09,,,0,0,0,0
2021-03-10,,,0,0,0,0
2021-03-11,,,0,0,0,0
2021-03-12,,,0,0,0,0
2021-03-13,,,0,0,0,0
2021-03-14,,,0,0,0,0
2021-03-15,,,0,0,0,0
2021-03-16,,,0,0,0,0
2021-03-17,,,0,0,0,0
2021-03-18,,,0,0,0,0
2021-03-19,,,0,0,0,0
2021-03-20,,,0,0,0,0
2021-03-21,,,0,0,0,0
2021-03-22,,,0,0,0,0
2021-03-23,,,0,0,0,0
2021-03-24,,,0,0,0,0
2021-03-25,,,0,0,0,0
2021-03-26,,,0,0,1,0
2021-03-27,,,0,0,0,0
2021-03-28,,,0,0,0,0
2021-03-29,,,0,0,0,0
2021-03-30,,,0,0,0,0
2021-03-31,,,1,0,0,0
2021-04-01,,,0,1,0,0
2021-04-02,,,0,0,0,0
2021-04-03,,,0,0,0,0
2021-04-04,,,0,0,0,0
2021-04-05,,,0,0,0,0
2021-04-06,,,0,0,0,0
2021-04-07,,,0,0,0,0
2021-04-08,,,0,0,0,0
2021-04-09,,,0,0,0,0
2021-04-10,,,0,0,0,0
2021-04-11,,,0,0,0,0
2021-04-12,,,0,0,0,0
2021-04-13,,,0,0,0,0
2021-04-14,,,0,0,0,0
2021-04-15,,,0,0,0,0
2021-04-16,,,0,0,0,0
2021-04-17,,,0,0,0,0
2021-04-18,,,0,0,0,0
2021-04-19,,,0,0,0,0
2021-04-20,,,0,0,0,0
2021-04-21,,,0,0,0,0
2021-04-22,,,0,0,0,0
2021-04-23,,,0,0,0,0
2021-04-24,,,0,0,0,0
2021-04-25,,,0,0,0,0
2021-04-26,,,0,0,0,0
2021-04-27,,,0,0,0,0
2021-04-28,,,0,0,0,0
2021-04-29,,,0,0,0,0
2021-04-30,,,1,0,1,0
2021-05-01,,,0,0,0,0
2021-05-02,,,0,0,0,0
2021-05-03,,,0,1,0,0
2021-05-04,,,0,0,0,0
2021-05-05,,,0,0,0,0
2021-05-06,,,0,0,0,0
2021-05-07,,,0,0,0,0
2021-05-08,,,0,0,0,0
2021-05-09,,,0,0,0,0
2021-05-10,,,0,0,0,0
2021-05-11,,,0,0,0,0
2021-05-12,,,0,0,0,0
2021-05-13,,,0,0,0,0
2021-05-14,,,0,0,0,0
2021-05-15,,,0,0,0,0
2021-05-16,,,0,0,0,0
2021-05-17,,,0,0,0,0
2021-05-18,,,0,0,0,0
2021-05-19,,,0,0,0,0
2021-05-20,,,0,0,0,0
2021-05-21,,,0,0,0,0
2021-05-22,,,0,0,0,0
2021-05-23,,,0,0,0,0
2021-05-24,,,0,0,0,0
2021-05-25,,,0,0,0,0
2021-05-26,,,0,0,0,0
2021-05-27,,,0,0,0,0
2021-05-28,,,0,0,1,0
2021-05-29,,,0,0,0,0
2021-05-30,,,0,0,0,0
2021-05-31,,,1,0,0,0
2021-06-01,,,0,1,0,0
2021-06-02,,,0,0,0,0
2021-06-03,,,0,0,0,0
2021-06-04,,,0,0,0,0
2021-06-05,,,0,0,0,0
2021-06-06,,,0,0,0,0
2021-06-07,,,0,0,0,0
2021-06-08,,,0,0,0,0
2021-06-09,,,0,0,0,0
2021-06-10,,,0,0,0,0
2021-06-11,,,0,0,0,0
2021-06-12,,,0,0,0,0
2021-06-13,,,0,0,0,0
2021-06-14,,,0,0,0,0
2021-06-15,,,0,0,0,0
2021-06-16,,,0,0,0,0
2021-06-17,,,0,0,0,0
2021-06-18,,,0,0,0,0
2021-06-19,,,0,0,0,0
2021-06-20,,,0,0,0,0
2021-06-21,,,0,0,0,0
2021-06-22,,,0,0,0,0
2021-06-23,,,0,0,0,0
2021-06-24,,,0,0,0,0
2021-06-25,,,0,0,1,0
2021-06-26,,,0,0,0,0
2021-06-27,,,0,0,0,0
2021-06-28,,,0,0,0,0
2021-06-29,,,0,0,0,0
2021-06-30,,,1,0,0,0
2021-07-01,,,0,1,0,0
2021-07-02,,,0,0,0,0
2021-07-03,,,0,0,0,0
2021-07-04,,,0,0,0,0
2021-07-05,,,0,0,0,0
2021-07-06,,,0,0,0,0
2021-07-07,,,0,0,0,0
2021-07-08,,,0,0,0,0
2021-07-09,,,0,0,0,0
2021-07-10,,,0,0,0,0
2021-07-11,,,0,0,0,0
2021-07-12,,,0,0,0,0
2021-07-13,,,0,0,0,0
2021-07-14,,,0,0,0,0
2021-07-15,,,0,0,0,0
2021-07-16,,,0,0,0,0
2021-07-17,,,0,0,0,0
2021-07-18,,,0,0,0,0
2021-07-19,,,0,0,0,0
2021-07-20,,,0,0,0,0
2021-07-21,,,0,0,0,0
2021-07-22,,,0,0,0,0
2021-07-23,,,0,0,0,0
2021-07-24,,,0,0,0,0
2021-07-25,,,0,0,0,0
2021-07-26,,,0,0,0,0
2021-07-27,,,0,0,0,0
2021-07-28,,,0,0,0,0
2021-07-29,,,0,0,0,0
2021-07-30,,,1,0,1,0
2021-07-31,,,0,0,0,0
2021-08-01,,,0,0,0,0
2021-08-02,,,0,1,0,0
2021-08-03,,,0,0,0,0
2021-08-04,,,0,0,0,0
2021-08-05,,,0,0,0,0
2021-08-06,,,0,0,0,0
2021-08-07,,,0,0,0,0
2021-08-08,,,0,0,0,0
2021-08-09,,,0,0,0,0
2021-08-10,,,0,0,0,0
2021-08-11,,,0,0,0,0
2021-08-12,,,0,0,0,0
2021-08-13,,,0,0,0,0
2021-08-14,,,0,0,0,0
2021-08-15,,,0,0,0,0
2021-08-16,,,0,0,0,0
2021-08-17,,,0,0,0,0
2021-08-18,,,0,0,0,0
2021-08-19,,,0,0,0,0
2021-08-20,,,0,0,0,0
2021-08-21,,,0,0,0,0
2021-08-22,,,0,0,0,0
2021-08-23,,,0,0,0,0
2021-08-24,,,0,0,0,0
2021-08-25,,,0,0,0,0
2021-08-26,,,0,0,0,0
2021-08-27,,,0,0,1,0
2021-08-28,,,0,0,0,0
2021-08-29,,,0,0,0,0
2021-08-30,,,0,0,0,0
2021-08-31,,,1,0,0,0
2021-09-01,,,0,1,0,0
2021-09-02,,,0,0,0,0
2021-09-03,,,0,0,0,0
2021-09-04,,,0,0,0,0
2021-09-05,,,0,0,0,0
2021-09-06,,,0,0,0,0
2021-09-07,,,0,0,0,0
2021-09-08,,,0,0,0,0
2021-09-09,,,0,0,0,0
2021-09-10,,,0,0,0,0
2021-09-11,,,0,0,0,0
2021-09-12,,,0,0,0,0
2021-09-13,,,0,0,0,0
2021-09-14,,,0,0,0,0
2021-09-15,,,0,0,0,0
2021-09-16,,,0,0,0,0
2021-09-17,,,0,0,0,0
2021-09-18,,,0,0,0,0
2021-09-19,,,0,0,0,0
2021-09-20,,,0,0,0,0
2021-09-21,,,0,0,0,0
2021-09-22,,,0,0,0,0
2021-09-23,,,0,0,0,0
2021-09-24,,,0,0,1,0
2021-09-25,,,0,0,0,0
2021-09-26,,,0,0,0,0
2021-09-27,,,0,0,0,0
2021-09-28,,,0,0,0,0
2021-09-29,,,0,0,0,0
2021-09-30,,,1,0,0,0
2021-10-01,,,0,1,0,0
2021-10-02,,,0,0,0,0
2021-10-03,,,0,0,0,0
2021-10-04,,,0,0,0,0
2021-10-05,,,0,0,0,0
2021-10-06,,,0,0,0,0
2021-10-07,,,0,0,0,0
2021-10-08,,,0,0,0,0
2021-10-09,,,0,0,0,0
2021-10-10,,,0,0,0,0
2021-10-11,,,0,0,0,0
2021-10-12,,,0,0,0,0
2021-10-13,,,0,0,0,0
2021-10-14,,,0,0,0,0
2021-10-15,,,0,0,0,0
2021-10-16,,,0,0,0,0
2021-10-17,,,0,0,0,0
2021-10-18,,,0,0,0,0
2021-10-19,,,0,0,0,0
2021-10-20,,,0,0,0,0
2021-10-21,,,0,0,0,0
2021-10-22,,,0,0,0,0
2021-10-23,,,0,0,0,0
2021-10-24,,,0,0,0,0
2021-10-25,,,0,0,0,0
2021-10-26,,,0,0,0,0
2021-10-27,,,0,0,0,0
2021-10-28,,,0,0,0,0
2021-10-29,,,1,0,1,0
2021-10-30,,,0,0,0,0
2021-10-31,,,0,0,0,0
2021-11-01,,,0,1,0,0
2021-11-02,,,0,0,0,0
2021-11-03,,,0,0,0,0
2021-11-04,,,0,0,0,0
2021-11-05,,,0,0,0,0
2021-11-06,,,0,0,0,0
2021-11-07,,,0,0,0,0
2021-11-08,,,0,0,0,0
2021-11-09,,,0,0,0,0
2021-11-10,,,0,0,0,0
2021-11-11,,,0,0,0,0
2021-11-12,,,0,0,0,0
2021-11-13,,,0,0,0,0
2021-11-14,,,0,0,0,0
2021-11-15,,,0,0,0,0
2021-11-16,,,0,0,0,0
2021-11-17,,,0,0,0,0
2021-11-18,,,0,0,0,0
2021-11-19,,,0,0,0,0
2021-11-20,,,0,0,0,0
2021-11-21,,,0,0,0,0
2021-11-22,,,0,0,0,0
2021-11-23,,,0,0,0,0
2021-11-24,,,0,0,0,0
2021-11-25,,,0,0,0,0
2021-11-26,,,0,0,1,0
2021-11-27,,,0,0,0,0
2021-11-28,,,0,0,0,0
2021-11-29,,,0,0,0,0
2021-11-30,,,1,0,0,0
2021-12-01,,,0,1,0,0
2021-12-02,,,0,0,0,0
2021-12-03,,,0,0,0,0
2021-12-04,,,0,0,0,0
2021-12-05,,,0,0,0,0
2021-12-06,,,0,0,0,0
2021-12-07,,,0,0,0,0
2021-12-08,,,0,0,0,0
2021-12-09,,,0,0,0,0
2021-12-10,,,0,0,0,0
2021-12-11,,,0,0,0,0
2021-12-12,,,0,0,0,0
2021-12-13,,,0,0,0,0
2021-12-14,,,0,0,0,0
2021-12-15,,,0,0,0,0
2021-12-16,,,0,0,0,0
2021-12-17,,,0,0,0,0
2021-12-18,,,0,0,0,0
2021-12-19,,,0,0,0,0
2021-12-20,,,0,0,0,0
2021-12-21,,,0,0,0,0
2021-12-22,,,0,0,0,0
2021-12-23,,,0,0,0,0
2021-12-24,,,0,0,0,0
2021-12-25,,,0,0,0,0
2021-12-26,,,0,0,0,0
2021-12-27,,,0,0,0,0
2021-12-28,,,0,0,0,0
2021-12-29,,,0,0,0,0
2021-12-30,,,0,0,0,0
2021-12-31,,,1,0,1,0
